"conversation_id_str","created_at","favorite_count","full_text","id_str","image_url","in_reply_to_screen_name","lang","location","quote_count","reply_count","retweet_count","tweet_url","user_id_str","username"
"1901783263573848132","Mon Mar 17 23:50:38 +0000 2025","0","Tgl 15 ke atas tuh indihome sudah mulai lemot ya anj","1901783263573848132","","","in","","0","0","0","https://x.com/undefined/status/1901783263573848132","1001763944858468353",
"1901610939428077969","Mon Mar 17 23:01:13 +0000 2025","0","@dualimaq @IndiHome @TelkomJabar @dualimaq Maafin Kak. Boleh infoin nomor HP dan nomor lain yang berkendala sama melalui DM agar dibantu cek lebih lanjut. Makasih. -Dhet","1901770830146932802","","dualimaq","in","","0","0","0","https://x.com/undefined/status/1901770830146932802","255409050",
"1901610939428077969","Mon Mar 17 22:58:39 +0000 2025","0","@Telkomsel @IndiHome @TelkomJabar Min daerah ciparay juga gaada sinyal sama sekali dari jam 2 siang kemarin. Gimana?","1901770183523647882","","Telkomsel","in","","0","3","0","https://x.com/undefined/status/1901770183523647882","724913617997537280",
"1901768350444986792","Mon Mar 17 22:53:17 +0000 2025","0","@yylnds @IndiHome @yylnds Siapp. DM Kak Yola segera di balas berkenan menunggu dan cek DM berkala ya. Makasih -Caris","1901768830764126301","","yylnds","in","","0","0","0","https://x.com/undefined/status/1901768830764126301","765035200896118789",
"1901762425852227607","Mon Mar 17 22:32:24 +0000 2025","0","@DwinthaRirin @DwinthaRirin Pagi Kak Ririn. Maaf ya Langkah awal pastikan terlebih dahulu kabel patch cord sudah terpasang atau tertancap dengan benar. Jika masih terkendala yuk infoin nomor IndiHome dan atas nama ke DM ya makasih. -Nabil","1901763575569629422","","DwinthaRirin","in","","0","1","0","https://x.com/undefined/status/1901763575569629422","765035200896118789",
"1901622231530176553","Mon Mar 17 22:31:07 +0000 2025","0","@Telkomsel @MyTelkomselApp saya coba install ulang kemudian mau masuk akun indihome ternyata harus di wifi indihome. Masalahnya dari kemaren indihome koneksi terputus . Gimana lah ini","1901763254898364567","","Telkomsel","in","","0","1","0","https://x.com/undefined/status/1901763254898364567","597004123",
"1901761589445054708","Mon Mar 17 22:24:30 +0000 2025","0","@IndiHome ID 161316011682 tolong perbaikan segera","1901761589445054708","","IndiHome","in","","0","1","0","https://x.com/undefined/status/1901761589445054708","68246553",
"1901758245800464767","Mon Mar 17 22:17:15 +0000 2025","0","@tutimituu @tutimituu Maaf ya salah satu penyebab koneksi tidak stabil adalah banyak device terhubung. Kami bantu tindak lanjuti yuk infoin nomor IndiHome dan atas nama ke DM makasih. -Nabil","1901759766143361024","","tutimituu","in","","0","1","0","https://x.com/undefined/status/1901759766143361024","765035200896118789",
"1901759166697586890","Mon Mar 17 22:14:52 +0000 2025","0","kenapa jaringan indihome dirumah saya no internet mulu yah? padahal jatuh tempo msh lusa di tgl 20. mohon di cek min @IndiHomeCare","1901759166697586890","","","in","","0","2","0","https://x.com/undefined/status/1901759166697586890","1647650311002259456",
"1901757467404664894","Mon Mar 17 22:14:17 +0000 2025","0","@vierooozuzezo @vierooozuzezo Kakak bisa infoin nomor IndiHome/Telkomselnya ke DM buat penanganan lebih lanjut ya makasih. -Nabil","1901759016394756549","","vierooozuzezo","in","","0","0","0","https://x.com/undefined/status/1901759016394756549","765035200896118789",
"1901757467404664894","Mon Mar 17 22:08:07 +0000 2025","0","Ni g indihome g telkomsel sama2 gblok ngelagny","1901757467404664894","","","in","","0","3","0","https://x.com/undefined/status/1901757467404664894","1402052867842666496",
"1901755380558176767","Mon Mar 17 22:07:04 +0000 2025","0","@Megaagustinaa_ Untuk informasi promo paket yang tersedia di wilayahnya Kakak bisa cek via App MyTelkomsel atau website https://t.co/cB8UBHf5aC ya Kak. Info lebih lanjut bisa juga hubungi Mimin via DM @IndiHomeCare ya :) -Abdul","1901757203071307919","","Megaagustinaa_","in","","0","0","0","https://x.com/undefined/status/1901757203071307919","765035200896118789",
"1901736683747369320","Mon Mar 17 22:03:41 +0000 2025","0","@paamalyn @IndiHome Jangan pindah ke lain hati dong Kak :( Untuk saat ini apakah IndiHome-nya sedang terkendala Kak? -Abdul","1901756349840785692","","paamalyn","in","","0","0","0","https://x.com/undefined/status/1901756349840785692","765035200896118789",
"1901755380558176767","Mon Mar 17 21:59:50 +0000 2025","0","@IndiHome kak paketan wifi 100rb an ada?","1901755380558176767","","IndiHome","in","","0","1","0","https://x.com/undefined/status/1901755380558176767","279003835",
"1901743457917604093","Mon Mar 17 21:56:14 +0000 2025","0","@aleaaaleee Saat ini IndiHome Kakak lagi kendala juga kah Kak? -Abdul","1901754473959301181","","aleaaaleee","in","","0","0","0","https://x.com/undefined/status/1901754473959301181","765035200896118789",
"1901743457917604093","Mon Mar 17 21:54:41 +0000 2025","0","@urtaurusboy IndiHome Kakak lagi terkendala juga kah jaringannya? -Abdul","1901754085789057129","","urtaurusboy","in","","0","0","0","https://x.com/undefined/status/1901754085789057129","765035200896118789",
"1901743457917604093","Mon Mar 17 21:53:36 +0000 2025","0","@pllw_11 Kakak pake IndiHome dan sedang terkendala juga kah layanannya Kak? -Abdul","1901753811410231637","","pllw_11","in","","0","0","0","https://x.com/undefined/status/1901753811410231637","765035200896118789",
"1901752352836837590","Mon Mar 17 21:53:11 +0000 2025","0","@pqrstvohimissu @IndiHome @pqrstvohimissu Penanganan awalnya Kakak bisa pastiin kabel berwarna hitam atau kuning dengan ujung kabel berwarna biru terpasang dengan benar ya. Bila masih kendala silakan kirim nomor internet dan nama pemilik ke DM ya. Thx. -Beeru","1901753708381417670","","pqrstvohimissu","in","","0","0","0","https://x.com/undefined/status/1901753708381417670","765035200896118789",
"1901752352836837590","Mon Mar 17 21:47:48 +0000 2025","0","Ini gimana? Dari kemaren loh gangguan terus!! @IndiHomeCare @IndiHome #indihome https://t.co/iGRhRzNIRl","1901752352836837590","https://pbs.twimg.com/media/GmRhrr1aAAAAzdh.jpg","","in","","0","1","0","https://x.com/undefined/status/1901752352836837590","1444290819494612996",
"1901721190710001867","Mon Mar 17 21:40:22 +0000 2025","0","@cyimoci Kakak udah gak pake IndiHome kah? -Abdul","1901750481711739356","","cyimoci","in","","0","0","0","https://x.com/undefined/status/1901750481711739356","765035200896118789",
"1901749054943748167","Mon Mar 17 21:34:42 +0000 2025","1","ngajak ribut ya ni indihomesubuhsubuh udah rto","1901749054943748167","","","in","","0","1","0","https://x.com/undefined/status/1901749054943748167","325012432",
"1901743029603783103","Mon Mar 17 21:15:42 +0000 2025","0","@JAYBTCY @IndiHome @JAYBTCY Maaf ya Kak udah bikin kesel. Ardhan bantu benerin dulu jaringan IndiHomenya. Yuk infoin nomor IndiHome dan atas nama ke DM biar dibantu cek dan datanya aman. Makasih -Ardhan","1901744274536124599","","JAYBTCY","in","","0","0","0","https://x.com/undefined/status/1901744274536124599","255409050",
"1901647487716458991","Mon Mar 17 21:10:46 +0000 2025","0","@sagitariusszzz @IndiHome Hi Kak @sagitariusszzz. Maaf ya Langkah awal pastikan terlebih dahulu kabel patch cord sudah terpasang atau tertancap dengan benar. Jika masih terkendala yuk infoin nomor IndiHome dan atas nama ke DM ya makasih. -Nabil","1901743032615276924","","sagitariusszzz","in","","0","0","0","https://x.com/undefined/status/1901743032615276924","765035200896118789",
"1901742930597159300","Mon Mar 17 21:10:21 +0000 2025","0","Bjir ini indihome sampe jam segini masih gangguan? Cuyyyy lama amat lu ah mau di pake ini!!!!!!!","1901742930597159300","","","in","","0","2","0","https://x.com/undefined/status/1901742930597159300","1601180413946646530",
"1901741947217482093","Mon Mar 17 21:06:27 +0000 2025","0","Dah cukup dah ama telkomsel ama Indihome.","1901741947217482093","","","in","","0","1","0","https://x.com/undefined/status/1901741947217482093","1307707936592941057",
"1561287090746568706","Mon Mar 17 21:04:25 +0000 2025","0","@yupimanggaaaa @PemudaSakit @BanyuSadewa Aku sampe detik ini juga aku diemin ka. Cuma ditelpon mulu aja. Aku diemin. Prnh baca katanya berapa bulan ga bayar ditagih nominal besar. Terus krn dia ada kenalan orang indihome. Jadi dia cuma bayar 1 bulan aja yg udah dipake gitu... Kaga jelas banget ketentuannya ","1901741435407441928","","yupimanggaaaa","in","","0","1","0","https://x.com/undefined/status/1901741435407441928","1497063354539847680",
"1901736683747369320","Mon Mar 17 20:45:32 +0000 2025","0","@IndiHome udah bener bener ga layak tahun ini los udah 3x. Inpokan provider internet jateng dong yg oke","1901736683747369320","","IndiHome","in","","0","1","0","https://x.com/undefined/status/1901736683747369320","1203232106777759744",
"1901729038756188585","Mon Mar 17 20:15:09 +0000 2025","0","bjir ni indihome kenapa bgsttt","1901729038756188585","","","in","","0","1","0","https://x.com/undefined/status/1901729038756188585","1407398363662675971",
"1901712711786135829","Mon Mar 17 19:28:27 +0000 2025","0","@IndiHomeCare @IndiHome kapan normal lagi internetnya ????","1901717284412154093","","IndiHomeCare","in","","0","1","0","https://x.com/undefined/status/1901717284412154093","80752884",
"1901712711786135829","Mon Mar 17 19:21:21 +0000 2025","0","@lewandowskyyyy @IndiHome @lewandowskyyyy Kakak bisa kirimin datanya ke DM ya biar privasinya tetap terjaga. -Beeru","1901715496493604936","","lewandowskyyyy","in","","0","1","0","https://x.com/undefined/status/1901715496493604936","765035200896118789",
"1901712711786135829","Mon Mar 17 19:18:06 +0000 2025","0","@IndiHomeCare @IndiHome 121117233183 nih nomor saya gausah DM DM saya cuma mau nanya ini kapan bisa normal lagi.","1901714679220871239","","IndiHomeCare","in","","0","2","0","https://x.com/undefined/status/1901714679220871239","80752884",
"1901712711786135829","Mon Mar 17 19:15:21 +0000 2025","0","@lewandowskyyyy @IndiHome @lewandowskyyyy Penanganan kendalanya lanjutin di DM dengan mengirimkan nomor internet dan nama pemilik ya. Makasih. -Beeru","1901713985784942871","","lewandowskyyyy","in","","0","1","0","https://x.com/undefined/status/1901713985784942871","765035200896118789",
"1901712711786135829","Mon Mar 17 19:13:36 +0000 2025","0","@IndiHomeCare @IndiHome ini udah konfirmasi ke teknisi ada kabel bawah tanahnya woi. LOS merah terus.","1901713548558139674","","IndiHomeCare","in","","0","1","0","https://x.com/undefined/status/1901713548558139674","80752884",
"1901712711786135829","Mon Mar 17 19:11:39 +0000 2025","0","@lewandowskyyyy @IndiHome Hi Kak @lewandowskyyyy. Maaf ya Langkah awal pastikan terlebih dahulu kabel patch cord sudah terpasang atau tertancap dengan benar. Jika masih terkendala yuk infoin nomor IndiHome dan atas nama ke DM ya makasih. -Nabil","1901713056373280945","","lewandowskyyyy","in","","0","1","0","https://x.com/undefined/status/1901713056373280945","765035200896118789",
"1901712711786135829","Mon Mar 17 19:10:17 +0000 2025","0","@IndiHomeCare @IndiHome mati daerah cimanggis depok dari jam 9 kaga idup idup woiiii","1901712711786135829","","IndiHomeCare","in","","0","2","0","https://x.com/undefined/status/1901712711786135829","80752884",
"1901696059950399576","Mon Mar 17 19:00:50 +0000 2025","0","@DohoonNaksir Kalau Kakak pake IndiHome? apakah jaringannya terkendala Kak? -Abdul","1901710333515112689","","DohoonNaksir","in","","0","0","0","https://x.com/undefined/status/1901710333515112689","765035200896118789",
"1901708289593004288","Mon Mar 17 18:52:42 +0000 2025","0","@ShopeeCare @ShopeeID &amp; @ShopeePay_ID: TOLONG KEMBALIKAN UANG RP 273.755 KE SEABANK GW. GW MAU BAYAR INTERNET KE @IndiHome SEBELUM PALING LAMBAT TANGGAL 20. CEPAT!!! KENAPA SHOPEE DOYAN MEMPERSULITKAN SHOPEER?","1901708289593004288","","ShopeeCare","in","","0","0","0","https://x.com/undefined/status/1901708289593004288","44095166",
"1901703739901403474","Mon Mar 17 18:38:30 +0000 2025","0","@Lazalf @Lazalf Maaf ya Kak Laza jadi gak nyaman nih. Ardhan bantu benerin buat setting limit devicenya. Boleh infoin nomor IndiHome dan atas nama ke DM biar dibantu cek lebih lanjut. Tks -Ardhan","1901704713319698629","","Lazalf","in","","0","1","0","https://x.com/undefined/status/1901704713319698629","765035200896118789",
"1900974010743370044","Mon Mar 17 18:26:18 +0000 2025","0","@Adididldi Maaf ya Kak @Adididldi Langkah awal pastikan terlebih dahulu kabel patch cord sudah terpasang atau tertancap dengan benar. Jika masih terkendala yuk infoin nomor IndiHome dan atas nama ke DM ya makasih. -Nabil","1901701642741043387","","Adididldi","in","","0","0","0","https://x.com/undefined/status/1901701642741043387","765035200896118789",
"1901700772120891512","Mon Mar 17 18:22:50 +0000 2025","2","INDIHOME KATA GUA LO NGAJAK RIBUT MULU ANJ","1901700772120891512","","","in","","0","1","0","https://x.com/undefined/status/1901700772120891512","1657690118722052097",
"1901696351991447739","Mon Mar 17 18:08:17 +0000 2025","0","@stardgst @stardgst Maafin nih bikin bete Kak. Buat kendala LOS pastiin kabel yg berwarna hitam/kuning ujung berwarna biru udah terpasang atau tertancap dengan kencang dan benar. Kalo masih ga bisa DMin nomor IndiHome serta atas nama siapa IndiHome nya. Tks -Ardhan","1901697110451613998","","langkahbulan","in","","0","1","0","https://x.com/undefined/status/1901697110451613998","765035200896118789",
"1901689516718706734","Mon Mar 17 17:44:40 +0000 2025","0","@onelisem @onelisem Aduh maafin Kak Noel udah bikin gak nyaman nih. Ardhan bantu benerin dulu jaringannya. Boleh infoin nomor IndiHome dan atas nama ke DM biar dibantu cek lebih lanjut. Tks -Ardhan","1901691166304923802","","onelisem","in","","0","0","0","https://x.com/undefined/status/1901691166304923802","765035200896118789",
"1901690548060352555","Mon Mar 17 17:42:13 +0000 2025","0","ye sialan udah wifinya jelek sinyalnya jelek nyesel dah indihome sama telkomsel kombo yg bikin istighfar apakah ini saatnya aku kembali ke indosat lg","1901690548060352555","","","in","","0","2","0","https://x.com/undefined/status/1901690548060352555","982862106809679873",
"1901289656807047342","Mon Mar 17 17:40:12 +0000 2025","1","@IndiHomeCare @IndiHome Ya kapan? Segera itu bisa satu jam bisa satu hari bisa satu minggu bisa satu bulan atau malah bisa satu tahun. Segera kalian itu yang mana?","1901690043124871632","","IndiHomeCare","in","","0","0","0","https://x.com/undefined/status/1901690043124871632","52015110",
"1901289656807047342","Mon Mar 17 17:38:50 +0000 2025","0","@aprarg_ @IndiHome @aprarg_ Kami akan berupa agar kendalanya segera teratasi. Silakan tunggu dan lanjutin interaksinya di DM ya Kak Kha :) -Zidane","1901689698172760575","","aprarg_","in","","0","1","0","https://x.com/undefined/status/1901689698172760575","765035200896118789",
"1901289656807047342","Mon Mar 17 17:31:47 +0000 2025","0","@IndiHomeCare @IndiHome Ya kapan? Secepatnya itu bisa satu jam bisa satu hari bisa satu minggu bisa satu bulan atau malah bisa satu tahun. Secepatnya kalian itu yang mana?","1901687924636504367","","IndiHomeCare","in","","0","1","0","https://x.com/undefined/status/1901687924636504367","52015110",
"1901289656807047342","Mon Mar 17 17:30:37 +0000 2025","0","@aprarg_ @IndiHome @aprarg_ Diupayakan secepatnya ya Kak ditunggu updatenya -Nabil","1901687628933763293","","aprarg_","in","","0","1","0","https://x.com/undefined/status/1901687628933763293","765035200896118789",
"1901289656807047342","Mon Mar 17 17:27:58 +0000 2025","0","@IndiHomeCare @IndiHome Sampai kapan?","1901686965323563226","","IndiHomeCare","in","","0","1","0","https://x.com/undefined/status/1901686965323563226","52015110",
"1901289656807047342","Mon Mar 17 17:24:55 +0000 2025","0","@aprarg_ @IndiHome @aprarg_ Laporannya masih dalam progres ya Kak kami mengupayakan yang terbaik agar segera teratasi. -Nabil","1901686198474858620","","aprarg_","in","","0","1","0","https://x.com/undefined/status/1901686198474858620","765035200896118789",
"1872923489306542521","Mon Mar 17 17:18:44 +0000 2025","0","@IndiHomeCare @MyTelkomselApp @IndiHome @Telkomsel mana????? mending gw balesin chat admin judol ini lebih gercep ini by system terooos","1901684640831992046","","IndiHomeCare","in","","0","0","0","https://x.com/undefined/status/1901684640831992046","1667366209",
"1901289656807047342","Mon Mar 17 17:18:33 +0000 2025","0","@IndiHomeCare @IndiHome Gak perlu. Gak ada informasi pribadi. Di sini saja. (2)","1901684593356628342","","IndiHomeCare","in","","0","1","0","https://x.com/undefined/status/1901684593356628342","52015110",
"1901647487716458991","Mon Mar 17 17:17:11 +0000 2025","0","@jura6x @IndiHome @jura6x Otewe -Beeru","1901684249276932148","","jura6x","in","","0","0","0","https://x.com/undefined/status/1901684249276932148","765035200896118789",
"1901609924960096730","Mon Mar 17 17:16:17 +0000 2025","0","@aisfann Mantappp btw Kakak juga pake IndiHome gak nih? -Abdul","1901684023380062492","","aisfann","in","","0","0","0","https://x.com/undefined/status/1901684023380062492","765035200896118789",
"1901683419307999709","Mon Mar 17 17:13:53 +0000 2025","0","yaelahhhh malah gangguan brok indihome ampas banget @IndiHome","1901683419307999709","","","in","","0","2","0","https://x.com/undefined/status/1901683419307999709","1065172018163671040",
"1872923489306542521","Mon Mar 17 17:12:40 +0000 2025","0","@vinvoxaofficial @MyTelkomselApp @IndiHome @Telkomsel @vinvoxaofficial Nabil cek sudah ada balesan DM-nya ya Kak Vin lanjut interaksinya disana makasih. -Nabil","1901683112255664376","","vinvoxaofficial","in","","0","1","0","https://x.com/undefined/status/1901683112255664376","765035200896118789",
"1872923489306542521","Mon Mar 17 17:08:28 +0000 2025","0","@IndiHomeCare @MyTelkomselApp @IndiHome @Telkomsel bales aja teroos pake system A i nya dah capek nunggu dm orang minta tolong bantuan mending chat ama admin judol! bener2 bales","1901682056947757338","","IndiHomeCare","in","","0","1","0","https://x.com/undefined/status/1901682056947757338","1667366209",
"1872923489306542521","Mon Mar 17 17:04:42 +0000 2025","0","@vinvoxaofficial @MyTelkomselApp @IndiHome @Telkomsel @vinvoxaofficial Ditunggu balasan temen Beeru di DM ya. -Beeru","1901681110058414402","","vinvoxaofficial","in","","0","1","0","https://x.com/undefined/status/1901681110058414402","765035200896118789",
"1901670576252719370","Mon Mar 17 17:03:13 +0000 2025","0","@MasJawwaaa @kimkardusihan Kak @MasJawwaaa. Maaf ya salah satu penyebab koneksi tidak stabil adalah banyak device terhubung. Kami bantu tindak lanjuti yuk infoin nomor IndiHome dan atas nama ke DM makasih. -Nabil","1901680736517927219","","MasJawwaaa","in","","0","0","0","https://x.com/undefined/status/1901680736517927219","765035200896118789",
"1901677552961491365","Mon Mar 17 16:58:40 +0000 2025","0","@ThazzyThazz @ThazzyThazz Malam Kak Tyas. Maaf ya Langkah awal pastikan terlebih dahulu kabel patch cord sudah terpasang atau tertancap dengan benar. Jika masih terkendala yuk infoin nomor IndiHome dan atas nama ke DM ya makasih. -Nabil","1901679588524306616","","ThazzyThazz","in","","0","0","0","https://x.com/undefined/status/1901679588524306616","765035200896118789",
"1872923489306542521","Mon Mar 17 16:58:23 +0000 2025","0","@IndiHomeCare @MyTelkomselApp @IndiHome @Telkomsel mohon bantuan akses login nya min","1901679517476991215","","IndiHomeCare","in","","0","1","0","https://x.com/undefined/status/1901679517476991215","1667366209",
"1900995883958985104","Mon Mar 17 16:57:40 +0000 2025","0","@JawaraYami24150 @IndiHome @TelkomJabar @JawaraYami24150 Kabel LAN yg disediakan dari IndiHome adalah 1 Meter ya Kak Yamin -Nabil","1901679340494139602","","JawaraYami24150","in","","0","0","0","https://x.com/undefined/status/1901679340494139602","765035200896118789",
"1872923489306542521","Mon Mar 17 16:47:54 +0000 2025","0","@vinvoxaofficial @MyTelkomselApp @IndiHome @Telkomsel @vinvoxaofficial Ditunggu ya Kak Voza. Rekan Zyad akan bantu respon DM dari Kakak sesuai antriannya. Makasih :) -Zyad","1901676880757141673","","vinvoxaofficial","in","","0","1","0","https://x.com/undefined/status/1901676880757141673","765035200896118789",
"1872923489306542521","Mon Mar 17 16:45:11 +0000 2025","0","@vinvoxaofficial @MyTelkomselApp @IndiHome @Telkomsel @vinvoxaofficial Iyaa Kak Voxa ditunggu balesan selanjutnya ya di DM. Makasih :) -Zyad","1901676196796182903","","vinvoxaofficial","in","","0","0","0","https://x.com/undefined/status/1901676196796182903","765035200896118789",
"1872923489306542521","Mon Mar 17 16:42:54 +0000 2025","0","@IndiHomeCare @MyTelkomselApp @IndiHome @Telkomsel min udah saya dm malah ga bales","1901675622268809254","","IndiHomeCare","in","","0","1","0","https://x.com/undefined/status/1901675622268809254","1667366209",
"1900995883958985104","Mon Mar 17 16:42:17 +0000 2025","0","@JawaraYami24150 @IndiHome @TelkomJabar @JawaraYami24150 Kabel LAN bisa dibeli ditoko online atau offline ya Kak. Sekali kami mohon maaf prihal aduannya terima kasih atas masukannya dan akan menjadi evaluasi kedepannya -Nabil","1901675468828586293","","JawaraYami24150","in","","0","1","0","https://x.com/undefined/status/1901675468828586293","765035200896118789",
"1901289656807047342","Mon Mar 17 16:41:53 +0000 2025","0","@aprarg_ @IndiHome @aprarg_ Maaf ya Kak Kha. Saat ini rekan Zyad udah bantu respon DM dari Kakak yuk lanjutin di DM biar dibantu penanganan kembali. Makasih :) -Zyad","1901675366353350710","","aprarg_","in","","0","1","0","https://x.com/undefined/status/1901675366353350710","765035200896118789",
"1872923489306542521","Mon Mar 17 16:40:40 +0000 2025","0","@IndiHomeCare @MyTelkomselApp @IndiHome @Telkomsel sudah saya dm kak cek dmnya","1901675060676678037","","IndiHomeCare","in","","0","1","0","https://x.com/undefined/status/1901675060676678037","1667366209",
"1872923489306542521","Mon Mar 17 16:35:04 +0000 2025","1","@vinvoxaofficial @MyTelkomselApp @IndiHome @Telkomsel @vinvoxaofficial Mohon maaf ya Kak Vin bisa infokan nomor IndiHome dan atas nama via DM kami bantu cek dan tindaklanjuti aduannya makasih. -Nabil","1901673652942418270","","vinvoxaofficial","in","","0","2","0","https://x.com/undefined/status/1901673652942418270","765035200896118789",
"1901289656807047342","Mon Mar 17 16:34:14 +0000 2025","0","@IndiHomeCare @IndiHome Gak perlu. Gak ada informasi pribadi. Di sini saja.","1901673442103189943","","IndiHomeCare","in","","0","1","0","https://x.com/undefined/status/1901673442103189943","52015110",
"1901289656807047342","Mon Mar 17 16:33:45 +0000 2025","0","@aprarg_ @IndiHome @aprarg_ Lanjut di DM ya Kak Kha interaksinya. -Beeru","1901673320170533383","","aprarg_","in","","0","1","0","https://x.com/undefined/status/1901673320170533383","765035200896118789",
"1872923489306542521","Mon Mar 17 16:32:10 +0000 2025","0","@MyTelkomselApp saya login pake email indihome lama GABISA !!! BUAT PAKE EMAIL BARU MALAH GABISA TAUTKAN NO INDIHOME SAYA!!! MENDING DI PISAH AJA LAGI!!! @IndiHome @IndiHomeCare @MyTelkomselApp @Telkomsel","1901672919803244758","","MyTelkomselApp","in","","0","1","0","https://x.com/undefined/status/1901672919803244758","1667366209",
"1901672455804227763","Mon Mar 17 16:30:19 +0000 2025","0","NIH AMPAS BANGET EMANG @IndiHome @IndiHomeCare @MyTelkomselApp @Telkomsel semenjak apk di gabung MALAH GABISA LOGIN!! buat pake email baru gabisa tautkan no indihome nya ampas!!!! TOLONG DONG","1901672455804227763","","","in","","0","1","0","https://x.com/undefined/status/1901672455804227763","1667366209",
"1901610939428077969","Mon Mar 17 16:29:11 +0000 2025","0","@Intankaha @Telkomsel @IndiHome @TelkomJabar Sama kak dari jam 15.. lagi meet tetiba keluar bener bener hilang koneksi jam segini baru mendingan nih sinyalnya walaupun akses apapun loadnya lama banget","1901672169182204166","","Intankaha","in","","0","0","0","https://x.com/undefined/status/1901672169182204166","1098169298516729856",
"1901289656807047342","Mon Mar 17 16:27:13 +0000 2025","0","@IndiHomeCare @IndiHome 1. Sampai kapan? 2. Kapan kalian akan lapor ke branch?","1901671674774536346","","IndiHomeCare","in","","0","1","0","https://x.com/undefined/status/1901671674774536346","52015110",
"1901670173037195480","Mon Mar 17 16:26:01 +0000 2025","0","@alazka87 @IndiHome @IndiHomeCare @alazka87 Maafin Kak. Kalau saat ini yang Kakak maksud akses internet IndiHome lambat coba infoin dulu yuk ke DM nomor IndiHome sama atas nama biar dibantu cek serta privasi data tetap terjaga. Makasih :) -Zyad","1901671373258527012","","alazka87","in","","0","0","0","https://x.com/undefined/status/1901671373258527012","255409050",
"1901670173037195480","Mon Mar 17 16:21:15 +0000 2025","1","Langganan 50 mbps malah dapat sinyal nya segitu doang paraah @IndiHome @IndiHomeCare @Telkomsel https://t.co/IE7rozuDzb","1901670173037195480","https://pbs.twimg.com/media/GmQW8PSboAAMd-W.jpg","","in","","0","1","0","https://x.com/undefined/status/1901670173037195480","1083185972",
"1901663800975392916","Mon Mar 17 16:20:22 +0000 2025","0","@narawiturlove @narawiturlove Maaf ya Kak:( Perihal kendala akses internet IndiHome lambat coba infoin dulu yuk ke DM nomor IndiHome sama atas nama biar dibantu cek serta privasi data tetap terjaga. Makasih :) -Zyad","1901669950168969262","","narawiturlove","in","","0","0","0","https://x.com/undefined/status/1901669950168969262","765035200896118789",
"1900136854416220345","Mon Mar 17 16:06:30 +0000 2025","0","@TelkomIndonesia Produk @TelkomIndonesia yang terdapat pada gambar di atas ialah 1. Aplikasi MyTelkomsel 2. IndiHome 3. Indibiz-ID 4. MaxStream #QuizKamisDigimin Yuk ikutan yukk @inihaquw @cukamochi @ngegasi","1901666463339139306","","TelkomIndonesia","in","","0","2","0","https://x.com/undefined/status/1901666463339139306","1814629190924447744",
"1899827786849866201","Mon Mar 17 16:03:59 +0000 2025","0","@verno jangan jangan kakak indihome yaaa?","1901665828120277470","","verno","in","","0","1","0","https://x.com/undefined/status/1901665828120277470","780170033821388800",
"1901289656807047342","Mon Mar 17 16:03:18 +0000 2025","0","@aprarg_ @IndiHome @aprarg_ Maaf sudah buat Kakak nunggu ya. Kami upayakan kendala yang Kakak alami dapat terselesaikan secepatnya. -Rai","1901665655184838921","","aprarg_","in","","0","1","0","https://x.com/undefined/status/1901665655184838921","765035200896118789",
"1901658607474843969","Mon Mar 17 16:02:50 +0000 2025","0","@ramaanggii Mohon maaf ya Kak. Perihal keluhan jaringan IndiHome LOS. Sebagai langkah awal pastikan kabel patch cord (kabel berwarna hitam atau kuning dengan ujung kabel berwarna biru) terpasang dengan benar. Bila masih sama konfirmasi nomor IndiHome sama atas nama melalui DM (1/2)","1901665539136913648","","ramaanggii","in","","0","0","0","https://x.com/undefined/status/1901665539136913648","765035200896118789",
"1901664870359248933","Mon Mar 17 16:00:10 +0000 2025","0","indihome jelek bgt buset kalo ujan. tailah.","1901664870359248933","","","in","","0","1","0","https://x.com/undefined/status/1901664870359248933","1465364540082700288",
"1901658607474843969","Mon Mar 17 15:57:25 +0000 2025","0","@ramaanggii Iyaa ini gue telkomsel bisa tapi lemot parah indihome yg wassalam","1901664174406766625","","ramaanggii","in","","0","1","0","https://x.com/undefined/status/1901664174406766625","494788885",
"1901663800975392916","Mon Mar 17 15:55:56 +0000 2025","0","eh indihome plis sekali ini aja tolong mw di ajak kerja sama ","1901663800975392916","","","in","","0","1","0","https://x.com/undefined/status/1901663800975392916","1888547053929914368",
"1901289656807047342","Mon Mar 17 15:54:17 +0000 2025","0","@IndiHomeCare @IndiHome Dua pertanyaan simple dan tanpa perlu menampilkan informasi pribadi jadi bisa dilanjutkan di sini saja.","1901663385982501235","","IndiHomeCare","in","","0","1","0","https://x.com/undefined/status/1901663385982501235","52015110",
"1901663266365124745","Mon Mar 17 15:53:48 +0000 2025","0","Telkomsel dan IndiHome lagi lemot-lemotnya. ","1901663266365124745","","","in","","0","2","0","https://x.com/undefined/status/1901663266365124745","4333731500",
"1901662938894938530","Mon Mar 17 15:52:30 +0000 2025","0","mwah @IndiHome @myXL @yb_effect #MSN #RWA https://t.co/Z01wFEKlr5","1901662938894938530","","","in","","0","0","0","https://x.com/undefined/status/1901662938894938530","1224686456385359872",
"1901289656807047342","Mon Mar 17 15:52:24 +0000 2025","0","@aprarg_ @IndiHome @aprarg_ Kak Kha. Ardhan cek udah ada percakapan di DM nih. Lanjutin di DM yuk. Makasih -Ardhan","1901662915775877256","","aprarg_","in","","0","1","0","https://x.com/undefined/status/1901662915775877256","765035200896118789",
"1901289656807047342","Mon Mar 17 15:48:52 +0000 2025","0","@IndiHomeCare @IndiHome 1. Sudah hampir 24 jam tanpa solusi. 2. Kalian yang salah kok saya yang repot? Saya yg rugi kok saya yg ribet? Apa gunanya jadi CS? @IndiHomeCare @IndiHome https://t.co/wV7b4NcYr5","1901662022670168086","https://pbs.twimg.com/media/GmQPh2ibYAA5fMg.jpg","aprarg_","in","","0","2","0","https://x.com/undefined/status/1901662022670168086","52015110",
"1901658813394276362","Mon Mar 17 15:44:27 +0000 2025","0","@theyycallmebass @IndiHome @theyycallmebass Ditunggu ya Kak Farah. DMnya segera di bales dan cek berkala ya. Makasih -Ardhan","1901660911703830999","","theyycallmebass","in","","0","0","0","https://x.com/undefined/status/1901660911703830999","765035200896118789",
"1901657753468416128","Mon Mar 17 15:44:13 +0000 2025","0","@theyycallmebass Emangnya sekarang jaringan IndiHome dan Telkomsel lagi terkendala Kak Farah? -Pange","1901660854975869190","","theyycallmebass","in","","0","0","0","https://x.com/undefined/status/1901660854975869190","255409050",
"1901643291583713601","Mon Mar 17 15:40:17 +0000 2025","0","@wmelsugar @wmelsugar Huhu Makasih sudah pernah berlangganan IndiHome Kak Nida ️ -Nabil","1901659864449126447","","wmelsugar","in","","0","0","0","https://x.com/undefined/status/1901659864449126447","765035200896118789",
"1901610939428077969","Mon Mar 17 15:37:50 +0000 2025","0","@Ganjar_Zarz @Intankaha @IndiHome @TelkomJabar @Ganjar_Zarz Kak Ganjar. Ardhan cek udah ada DM dari Kakak nih. Lanjutin di DM ya. Makasih -Ardhan","1901659249480253651","","Ganjar_Zarz","in","","0","1","0","https://x.com/undefined/status/1901659249480253651","255409050",
"1901658813394276362","Mon Mar 17 15:37:41 +0000 2025","0","Gue harus DM akun yang mana ini?! @IndiHome @IndiHomeCare","1901659209260847257","","theyycallmebass","in","","0","1","0","https://x.com/undefined/status/1901659209260847257","494788885",
"1901656165186244661","Mon Mar 17 15:37:33 +0000 2025","0","@IndiHomeCare Udah dicek semuanya cek dm dulu coba sebelum nyuruh dm pindah aplikasi ke my Telkomsel malah no respon dulu my indihome selalu fast respon","1901659176587407491","","IndiHomeCare","in","","0","1","0","https://x.com/undefined/status/1901659176587407491","1355733338",
"1901658607474843969","Mon Mar 17 15:35:17 +0000 2025","1","INDIHOME KONTOL GA JELAS ANJING","1901658607474843969","","","in","","0","11","0","https://x.com/undefined/status/1901658607474843969","327250174",
"1901657753468416128","Mon Mar 17 15:31:54 +0000 2025","1","Emang harus pasang simcard di luar provider plat merah. Kalo gangguan dari pusat indihome tsel rungkad semua ","1901657753468416128","","","in","","0","3","0","https://x.com/undefined/status/1901657753468416128","494788885",
"1901610939428077969","Mon Mar 17 15:31:53 +0000 2025","0","@Intankaha @Telkomsel @IndiHome @TelkomJabar Halo min @Telkomsel @IndiHome Ada gangguan kah wilayah Bandung","1901657748783395321","","Intankaha","in","","0","1","0","https://x.com/undefined/status/1901657748783395321","500761075",
"1901657303893598533","Mon Mar 17 15:30:06 +0000 2025","0","Indihome kenapa coba ini gabisa konek","1901657303893598533","","","in","","0","1","0","https://x.com/undefined/status/1901657303893598533","1329960361345224705",
"1901647487716458991","Mon Mar 17 15:27:04 +0000 2025","0","@Daffayooo_ @IndiHome Karena sudah difollow up laporan permintaannya diupayakan yang terbaik agar secepatnya terealisasi ya Kak @Daffayooo_ -Nabil","1901656540236644502","","Daffayooo_","in","","0","1","0","https://x.com/undefined/status/1901656540236644502","765035200896118789",
"1900136854416220345","Mon Mar 17 15:26:27 +0000 2025","0","@Indibiz_ID @TelkomIndonesia @IndiHome @MyTelkomselApp @nelimeli01 @mochamm676 @MEfendi67659278 Amiinnn ","1901656382035902583","","Indibiz_ID","in","","0","0","0","https://x.com/undefined/status/1901656382035902583","1684043936363581440",
"1901524595259461759","Mon Mar 17 15:25:18 +0000 2025","0","@dumpshakii @IndiHome Untuk penanganannya lanjut di DM sama temen Beeru ya Kak. Pesan Kakak udah difollow up juga kok agar segera direspon. Makasih. -Beeru","1901656094600261689","","dumpshakii","in","","0","0","0","https://x.com/undefined/status/1901656094600261689","765035200896118789",
"1901647487716458991","Mon Mar 17 15:22:23 +0000 2025","0","@ElisLaras73010 @ElisLaras73010 Statusnya akan terisolir ya Kak Elis IndiHome tidak bisa digunakan dan Kakak akan masuk dalam daftar pelanggan yg di blacklist tidak bisa berlangganan IndiHome kembali. -Nabil","1901655360559305181","","ElisLaras73010","in","","0","1","0","https://x.com/undefined/status/1901655360559305181","765035200896118789",
"1901647487716458991","Mon Mar 17 15:21:50 +0000 2025","0","@IndiHomeCare @IndiHome Lama min ini udh 11 hari malahan.","1901655222864482709","","IndiHomeCare","in","","0","1","0","https://x.com/undefined/status/1901655222864482709","949397072754573312",
"1901651929434149086","Mon Mar 17 15:19:41 +0000 2025","0","@vulturasea @vulturasea Yah :( Maaf ya Kak Calla udah bikin gak nyaman nih. Ardhan bantu benerin dulu jaringannya. Boleh infoin nomor IndiHome dan atas nama ke DM biar datanya aman dan terjaga juga. Tks -Ardhan","1901654682097053778","","vulturasea","in","","0","1","0","https://x.com/undefined/status/1901654682097053778","765035200896118789",
"1901643291583713601","Mon Mar 17 15:18:25 +0000 2025","0","@Nawnawangi indihome mah ga ujan juga kadang naudzubillah","1901654362755358974","","Nawnawangi","in","","0","1","0","https://x.com/undefined/status/1901654362755358974","1601519164942077952",
"1901615348744605940","Mon Mar 17 15:16:56 +0000 2025","0","@admkukuh @IndiHome @admkukuh Untuk akun IndiHome baru di Instagram saja ya Kak. Jika untuk akun X masih bisa kami layani melalui DM @IndiHomeCare. Ditunggu balasan DM dari kami ya -Rai","1901653989609107829","","admkukuh","in","","0","0","0","https://x.com/undefined/status/1901653989609107829","765035200896118789",
"1901651833623384336","Mon Mar 17 15:15:31 +0000 2025","0","@perkedyel @IndiHome @perkedyel Hi Kak Oca. Ada yang bisa dibantu mengenai produk IndiHome-nya? -Beeru","1901653633273577590","","perkedyel","in","","0","0","0","https://x.com/undefined/status/1901653633273577590","765035200896118789",
"1901647487716458991","Mon Mar 17 15:14:30 +0000 2025","0","@ElisLaras73010 @ElisLaras73010 Kak Elis buat berhenti langganan Indihome bisa dibantu melalui GraPARI atau 188. Saat ini juga bisa kami bantu reservasi agar Kak Elis dihubungi 188 maksimal 1x24 jam. Kalo bersedia dibantu reservasi lanjut DM ya biar dibantu sama rekan Ardhan di DM -Ardhan","1901653377865678850","","ElisLaras73010","in","","0","1","0","https://x.com/undefined/status/1901653377865678850","765035200896118789",
"1901647487716458991","Mon Mar 17 15:12:13 +0000 2025","0","@admkukuh @IndiHome @admkukuh Dicek udah ada pesan dari Kakak nih. Ditunggu balasan kolega Beeru di DM yaa -Beeru","1901652799659856032","","admkukuh","in","","0","0","0","https://x.com/undefined/status/1901652799659856032","765035200896118789",
"1901647487716458991","Mon Mar 17 15:11:29 +0000 2025","0","@admkukuh @IndiHome @admkukuh Maaf Kak Kukuh mengenai migrasi paket segera dibantu cek lebih lanjut via DM ya Kak :) -Frey","1901652617367011425","","admkukuh","in","","0","0","0","https://x.com/undefined/status/1901652617367011425","765035200896118789",
"1901647487716458991","Mon Mar 17 15:09:28 +0000 2025","0","@Daffayooo_ @IndiHome @Daffayooo_ Hai Kak Daffa. Mengenai progres permintaan migrasi paket Frey cek sebelumnya udah dibantu Follow Up Kak tunggu konfirmasi berikutnya via DM ya untuk dibantu cek :) -Frey","1901652109688553472","","Daffayooo_","in","","0","1","0","https://x.com/undefined/status/1901652109688553472","765035200896118789",
"1901615348744605940","Mon Mar 17 15:05:22 +0000 2025","0","@IndiHome Permisi min dm saya terkait dengan pengaduan layanan kepada @IndiHomeCare tidak ada kejelasan hingga sekarang dari tanggal 11 saya lihat di laman katanya pindah kesini untuk pengaduan tapi tidak bisa dm @IndiHome lantas bagaimana ini?","1901651077239541850","","IndiHome","in","","0","1","0","https://x.com/undefined/status/1901651077239541850","1021209110635675649",
"1901647487716458991","Mon Mar 17 15:03:34 +0000 2025","0","@IndiHomeCare @IndiHome Dan saya tidak bisa dm @IndiHome","1901650623319445959","","admkukuh","in","","0","1","0","https://x.com/undefined/status/1901650623319445959","1021209110635675649",
"1901647487716458991","Mon Mar 17 15:00:24 +0000 2025","1","@IndiHomeCare @IndiHome Migrasi paket saya (Putus layanan Placeholder FMC addon iptv) kapan ya? Dm saya dari tadi siang hingga sekarang tak kunjung dibalas.","1901649827601211630","","IndiHomeCare","in","","0","7","0","https://x.com/undefined/status/1901649827601211630","1021209110635675649",
"1900049355454767243","Mon Mar 17 14:58:34 +0000 2025","0","@woodymolky48 Pastinya dong Kak. Btw Kakak udh berlangganan IndiHome brp lama ni? -Sira","1901649368048132296","","woodymolky48","in","","0","0","0","https://x.com/undefined/status/1901649368048132296","765035200896118789",
"1901643061064765935","Mon Mar 17 14:57:01 +0000 2025","0","@duniagyu @duniagyu Kak Nia maaf ya. Kalo modem IndiHome LOS merah pastiin kabel Patch udah terpasang dengan benar ya dan infoin juga nomor internet beserta atas nama ke DM biar dibantu cek dan data aman. Makasih :) -Frey","1901648977994678599","","duniagyu","in","","0","1","0","https://x.com/undefined/status/1901648977994678599","765035200896118789",
"1901643291583713601","Mon Mar 17 14:54:16 +0000 2025","0","@eilofs IndiHome Kakak ga stabil jga bkn? -Sira","1901648284307087456","","eilofs","in","","0","0","0","https://x.com/undefined/status/1901648284307087456","765035200896118789",
"1901647487716458991","Mon Mar 17 14:54:02 +0000 2025","0","@IndiHomeCare @IndiHome Hallo progres migrasi paket 146147111909 kapan selesai? Udh lebih dari yg dijanjikan 3x24","1901648227193225483","","IndiHomeCare","in","","0","1","0","https://x.com/undefined/status/1901648227193225483","949397072754573312",
"1901647487716458991","Mon Mar 17 14:51:06 +0000 2025","6","Sob ada info penting nih! Mulai sekarang layanan @Indihomecare pindah ke @indihome! Butuh info paket layanan atau kendala? Langsung DM ke @indihome! Yuk follow @indihome biar nggak ketinggalan info menarik lainnya #MelangkahBersamaIndiHome https://t.co/hvWmoGUdSB","1901647487716458991","https://pbs.twimg.com/media/GmQCTzObgAAM23J.jpg","","in","","0","67","1","https://x.com/undefined/status/1901647487716458991","765035200896118789",
"1901460565429739762","Mon Mar 17 14:50:46 +0000 2025","0","@Oupeett Wah Indihome anaknya","1901647404539240564","","Oupeett","in","","0","0","0","https://x.com/undefined/status/1901647404539240564","769472660736647169",
"1901643754622300323","Mon Mar 17 14:36:16 +0000 2025","0","lemoot bangeet njirrr indihome","1901643754622300323","","","in","","0","1","0","https://x.com/undefined/status/1901643754622300323","1008521414524059648",
"1901639658414727222","Mon Mar 17 14:35:12 +0000 2025","0","@Cyriellearlea Huhuh maaf ya Kak @Cyriellearlea Langkah awal pastikan terlebih dahulu kabel patch cord sudah terpasang atau tertancap dengan benar. Jika masih terkendala yuk infoin nomor IndiHome dan atas nama ke DM ya makasih. -Nabil","1901643486732157126","","Cyriellearlea","in","","0","1","0","https://x.com/undefined/status/1901643486732157126","765035200896118789",
"1901643291583713601","Mon Mar 17 14:34:26 +0000 2025","3","indihome dibawa hujan mah bapuk","1901643291583713601","","","in","","0","5","0","https://x.com/undefined/status/1901643291583713601","1262800807478493185",
"1901643061064765935","Mon Mar 17 14:33:31 +0000 2025","0","@IndiHomeCare Indihome lg ada gangguan kah min?? Sinyalnya ilang jd merah. Udh di restart ttp egk bisa.","1901643061064765935","","IndiHomeCare","in","","0","1","0","https://x.com/undefined/status/1901643061064765935","1078854643",
"1901600573603934406","Mon Mar 17 14:29:41 +0000 2025","0","@MaloRadja @MaloRadja Data nomor IndiHome dan atas nama ya Kak Radja jika sudah akan dibantu sama rekan Nabil di DM prihal ketidaksesuaian tagihannya makasih. -Nabil","1901642095481483397","","MaloRadja","in","","0","1","0","https://x.com/undefined/status/1901642095481483397","255409050",
"1901641081571479914","Mon Mar 17 14:25:39 +0000 2025","0","Indihome knp lagi ini tiba2 mati","1901641081571479914","","","in","","0","2","0","https://x.com/undefined/status/1901641081571479914","1078854643",
"1901641077909602402","Mon Mar 17 14:25:38 +0000 2025","0","Daritadi siang jg no internet gatau deh indihome maless","1901641077909602402","","","in","","0","1","0","https://x.com/undefined/status/1901641077909602402","145095234",
"1901640874888749383","Mon Mar 17 14:24:50 +0000 2025","0","ih indihome tbtb hilang sinyal","1901640874888749383","","","in","","0","1","0","https://x.com/undefined/status/1901640874888749383","145095234",
"1901639243891380469","Mon Mar 17 14:18:21 +0000 2025","2","Jends!!! Minta testimoninya dong lagi bingung mau pilih indihome atau iconnect di lokasi di jl. Cendrawasih better mana ya terutama pelayanan teknisinya","1901639243891380469","","","in","","0","2","0","https://x.com/undefined/status/1901639243891380469","1855834355165544448",
"1901600573603934406","Mon Mar 17 14:16:57 +0000 2025","0","@Telkomsel Data apa? tagihan saya sewaktu PT Telkom yg kelola Indihome pembayaran saya hanya Rp 349.000 ditambah admin Rp 2.500 tetapi setelah PT Telkomsel yg kelola naik menjd Rp 380.400 include adminnya.padahal internet nya loading lambat siaran TV loading mulu","1901638891976982632","","Telkomsel","in","","0","2","0","https://x.com/undefined/status/1901638891976982632","1293838412126892032",
"1901617287976923413","Mon Mar 17 14:13:25 +0000 2025","0","@bobbrownny @bobbrownny Maafin ya Kak. Buat akses lambatnya penggunaan tidak melebihi optimum device sambil DM nomor IndiHome dan nama lengkap agar dibantu pengecekan lebih lanjut. Makasih -Emmy","1901638004642562437","","bobbrownny","in","","0","0","0","https://x.com/undefined/status/1901638004642562437","765035200896118789",
"1901634214489096307","Mon Mar 17 14:02:14 +0000 2025","0","@myhusbandou Eh aku juga Indihome lemot banget","1901635190637912223","","myhusbandou","in","","0","2","0","https://x.com/undefined/status/1901635190637912223","1654444395729649664",
"1901592250670522584","Mon Mar 17 14:00:01 +0000 2025","0","@mausuksesya @mausuksesya Kendalanya akan dibantu penanganan lebih lanjut Kak. Kuy Kakak kirim ke DM nomor Telkomsel lokasi detail waktu kejadian nomor IndiHome sama atas nama biar bisa dibantu cek lebih lanjut terkait kendala jaringannya. Makasih :) -Frey","1901634630383759690","","mausuksesya","in","","0","0","0","https://x.com/undefined/status/1901634630383759690","255409050",
"1901634214489096307","Mon Mar 17 13:58:22 +0000 2025","0","Duh ini indihome apa x nya sih lemot banget","1901634214489096307","","","in","","0","2","0","https://x.com/undefined/status/1901634214489096307","3116515400",
"1901592250670522584","Mon Mar 17 13:55:38 +0000 2025","0","@Telkomsel iya ini indihome pun ga jalan :(","1901633528699527251","","Telkomsel","in","","0","1","0","https://x.com/undefined/status/1901633528699527251","1603439719999631360",
"1901610939428077969","Mon Mar 17 13:50:03 +0000 2025","0","@Telkomsel @insol2783 @Intankaha @IndiHome @TelkomJabar Aku juga sama nih","1901632123213402487","","Telkomsel","in","","0","0","0","https://x.com/undefined/status/1901632123213402487","1774126243937734656",
"1901609924960096730","Mon Mar 17 13:43:21 +0000 2025","0","@bertemudgngeby @Iconnet_id pake indihome ki klu gangguan hubungika sj nnti sy truskan ke teknisi disoppeng ","1901630437782589807","","bertemudgngeby","in","","0","1","0","https://x.com/undefined/status/1901630437782589807","1851479677",
"1901630109800370684","Mon Mar 17 13:42:03 +0000 2025","0","@IndiHomeCare WOI INDIHOME INI STB SAYA RUSAK UDAH LAMA GA DIPAKE PENGEN DIPAKE DI LANTAI 1 TAPI WIFI ROUTER DI LANTAI 2 APAKAH BISA DIGUNAKAN TANPA LAN ? SAYA PUNYA WIFI EXTENDER DI LANTAI 1 JUGA MOHON DI JAWAB. SAYA LANGGANAN STB TIAP BULAN TAPI GA PERNAH DIPAKE JUGA","1901630109800370684","","IndiHomeCare","in","","0","0","0","https://x.com/undefined/status/1901630109800370684","1505482699251011585",
"1901549306353721426","Mon Mar 17 13:41:46 +0000 2025","0","@chverolet @IndiHome Iya jgn mau klu disuruh DM sama Telkomsel buat pelaporan atau publikasikan ke media bgmn Telkomsel mempermainkan tarif","1901630036949815732","","chverolet","in","","0","0","0","https://x.com/undefined/status/1901630036949815732","1293838412126892032",
"1901629735958135276","Mon Mar 17 13:40:34 +0000 2025","0","INDIHOME PARAH BGTTT??!! NGUMPULIN TUGAS AJA LEMOT BGT LAILLAHAILLALLAH","1901629735958135276","","","in","","0","1","0","https://x.com/undefined/status/1901629735958135276","1608278360274374660",
"1901600573603934406","Mon Mar 17 13:40:06 +0000 2025","0","@Telkomsel Sy sdh berulang kali DM kalian tetap aja tagihan sesuka udel kalian sy berharap pelanggan yh lain juga melaporkan kesemena² Telkomsel yg kelola Indihome melaporkan atau mempublikasikan ke media","1901629620757348554","","Telkomsel","in","","0","2","0","https://x.com/undefined/status/1901629620757348554","1293838412126892032",
"1901629133232460145","Mon Mar 17 13:38:10 +0000 2025","0","kocak amat gangguan mulu tiap hari @IndiHome","1901629133232460145","","","in","","0","2","0","https://x.com/undefined/status/1901629133232460145","1451604081802285058",
"1901629044724318243","Mon Mar 17 13:37:49 +0000 2025","0","Jelek banget indihome ini ya Allah ","1901629044724318243","","","in","","1","1","0","https://x.com/undefined/status/1901629044724318243","1452309355",
"1901628651550224486","Mon Mar 17 13:36:15 +0000 2025","2","Guys di sini ada yang pakai Indihome dan gangguan? Lampu merahnya muncul udah restart tetep aja gak ngaruh. Cek search tab di X ternyata hari ini banyak yang gangguan juga.","1901628651550224486","","","in","","0","3","0","https://x.com/undefined/status/1901628651550224486","1059009758634471424",
"1901610939428077969","Mon Mar 17 13:33:47 +0000 2025","0","@insol2783 @Intankaha @IndiHome @TelkomJabar @insol2783 Maaf ya Kak Iin Kendala jaringannya akan dibantu penanganan lebih lanjut sama temen Rai di DM. Ditunggu kembali balasan DM nya ya -Rai","1901628029702664637","","insol2783","in","","0","1","0","https://x.com/undefined/status/1901628029702664637","255409050",
"1901627073523064850","Mon Mar 17 13:29:59 +0000 2025","0","Cocok jadi mas mas indihome","1901627073523064850","","","in","","0","0","0","https://x.com/undefined/status/1901627073523064850","1300390300326658049",
"1561287090746568706","Mon Mar 17 13:27:22 +0000 2025","0","@DINAHAZIZ_ @PemudaSakit @BanyuSadewa Ka maaf. Saya datang dr 2025 Saya baru putusin kabelnya gara2 saya sudah pasang wifi provider baru kk udah minta putus sm indihome dari tanggal 1 tagihan bulan kmrn udh dibayar. Tp gara2 dia suruh ke grapari saya males bgt kk Jadi menurut cerita kk ini gmn kelanjutannny kk?","1901626416040710608","","DINAHAZIZ_","in","","0","2","0","https://x.com/undefined/status/1901626416040710608","4241082258",
"1901625785783636378","Mon Mar 17 13:27:16 +0000 2025","0","@gialinnr @IndiHome liat satt awalnya doang bagus pas main busukkk.. tuh di ss malu gw gegara sinyal busuk. mahal doang sinyal bututtt","1901626389532692559","","gialinnr","in","","0","1","0","https://x.com/undefined/status/1901626389532692559","1255027541854699520",
"1901620948408705472","Mon Mar 17 13:20:12 +0000 2025","0","@chverolet @IndiHome @chverolet Siaap Kak Roronoa ditunggu ya balesan rekan Zyad selanjutnya di DM. Makasih :) -Zyad","1901624612515176529","","chverolet","in","","0","0","0","https://x.com/undefined/status/1901624612515176529","765035200896118789",
"1901610939428077969","Mon Mar 17 13:18:55 +0000 2025","0","@Intankaha @Telkomsel @IndiHome @TelkomJabar Sama kak di wilayah saya juga gangguan nggak ada sinyal","1901624287033016573","","Intankaha","in","","0","1","0","https://x.com/undefined/status/1901624287033016573","825159133498257409",
"1901623812036431959","Mon Mar 17 13:17:01 +0000 2025","0","yg bener lah di bayar mahal kok jelek bgt sinyal indihome ini apalahhh.. jgn jelek lagi ak lagi mabar sama cwe cantik plss","1901623812036431959","","","in","","0","1","0","https://x.com/undefined/status/1901623812036431959","1255027541854699520",
"1901549306353721426","Mon Mar 17 13:15:31 +0000 2025","0","@MaloRadja @IndiHome sama nih. tarifku jg tbtb naik padahal pelayanan makin jelek. kacau emg indihome.","1901623431344558529","","MaloRadja","in","","0","2","0","https://x.com/undefined/status/1901623431344558529","937078720061349888",
"1901622967433658829","Mon Mar 17 13:13:40 +0000 2025","0","malu suu main make harith depan bulan malah wifi indihome bosok yg bener lahh indihome gww malu anjrottttt","1901622967433658829","","","in","","1","0","0","https://x.com/undefined/status/1901622967433658829","1255027541854699520",
"1901620948408705472","Mon Mar 17 13:12:43 +0000 2025","0","@IndiHomeCare @IndiHome cek dm","1901622726453776891","","IndiHomeCare","tr","","0","1","0","https://x.com/undefined/status/1901622726453776891","937078720061349888",
"1901620948408705472","Mon Mar 17 13:11:38 +0000 2025","0","@chverolet @IndiHome Kak @chverolet terkait tagihannya Dya cek lebih lanjut ya. Infoin atas nama dan nomor layanan ke Dm. Makasih. -Dya","1901622455690781100","","chverolet","in","","0","1","0","https://x.com/undefined/status/1901622455690781100","765035200896118789",
"1901620948408705472","Mon Mar 17 13:05:39 +0000 2025","0","knp tagihan indihome naik terus ya? padahal pelayanan jelek lemot jg @IndiHome @IndiHomeCare","1901620948408705472","","","in","","0","1","0","https://x.com/undefined/status/1901620948408705472","937078720061349888",
"1901617550506721775","Mon Mar 17 12:58:01 +0000 2025","0","@kampungphilos iya nder kalo gini aku close tab halaman lads trs masuk lagi dari awal. pake indihome juga begtu","1901619030152376585","","kampungphilos","in","","0","1","0","https://x.com/undefined/status/1901619030152376585","1891128162886856704",
"1901616012929474747","Mon Mar 17 12:55:36 +0000 2025","0","@cosmicct @cosmicct Maaf Kak Catty. Mengenai udah berhenti berlangganan namun perangkat belum di ambil coba infoin dulu yuk ke DM nomor IndiHome sama atas nama biar dibantu lebih lanjut. Makasih :) -Zyad","1901618421470761002","","cosmicct","in","","0","1","0","https://x.com/undefined/status/1901618421470761002","765035200896118789",
"1901615707932283081","Mon Mar 17 12:44:49 +0000 2025","0","baru sehari pakai indihome https://t.co/0azQYoLsAq","1901615707932283081","https://pbs.twimg.com/media/GmPlaJFbEAARTO4.jpg","","in","","0","1","0","https://x.com/undefined/status/1901615707932283081","1385101318864310277",
"1901615348744605940","Mon Mar 17 12:43:24 +0000 2025","2","Libur lebaran nanti di rumah aja? Yuk tonton berbagai serial TV dan film favorit keluarga dengan beragam pilihan channel populer dengan langganan Minipack channel TV dari IndiHome. Langganan di sini https://t.co/0Rzudx2uII #IndiHomebyTelkomsel #DariRumahTanpaBatas https://t.co/hxkL10t2cx","1901615348744605940","https://pbs.twimg.com/media/GmPlE91bQAADR-r.jpg","","in","","0","2","0","https://x.com/undefined/status/1901615348744605940","1075673058931806208",
"1901612943810392231","Mon Mar 17 12:41:50 +0000 2025","0","@RatihAntari @IndiHome @RatihAntari Maaf jadi terganggu akses internetnya Kak Dian. Coba infoin nomor IndiHome dan atas nama ke DM biar dibantuin ya :) -Zidane","1901614954639429674","","RatihAntari","in","","0","0","0","https://x.com/undefined/status/1901614954639429674","765035200896118789",
"1901607126088462619","Mon Mar 17 12:41:48 +0000 2025","0","@bumbumsg Kakak user IndiHome bkn? -Sira","1901614948796784757","","bumbumsg","in","","0","0","0","https://x.com/undefined/status/1901614948796784757","765035200896118789",
"1901610939428077969","Mon Mar 17 12:39:07 +0000 2025","0","@Intankaha @IndiHome @TelkomJabar @Intankaha Maaf Kak Intan. Kendalanya akan dibantu penanganan lebih lanjut Kak. Coba Kakak kirim ke DM nomor Telkomsel lokasi detail nomor IndiHome sama atas nama biar bisa dibantu cek lebih lanjut terkait kendala jaringannya. Makasih :) -Frey","1901614274046574645","","Intankaha","in","","0","0","0","https://x.com/undefined/status/1901614274046574645","255409050",
"1901612943810392231","Mon Mar 17 12:33:50 +0000 2025","0","Tolong ini indihome di rmh saya knp gak bisa yak @IndiHomeCare @IndiHome","1901612943810392231","","","in","","0","1","0","https://x.com/undefined/status/1901612943810392231","2278676838",
"1901598600054108511","Mon Mar 17 12:27:34 +0000 2025","1","@ocexnd Wuihh aman aja ni Kak. Makasih ya udh berlangganan IndiHome buat nemenin aktivitasnya selama ini. -Sira","1901611364306837896","","haiylea","in","","0","0","0","https://x.com/undefined/status/1901611364306837896","765035200896118789",
"1901600573603934406","Mon Mar 17 12:26:54 +0000 2025","0","@MaloRadja @MaloRadja Mohon maaf Kak Radja mengenai keluhan tagihan IndiHome infoin nomor internet dan atas nama ke DM yuk biar privasi data tetap terjaga :) -Frey","1901611196719190525","","MaloRadja","in","","0","1","0","https://x.com/undefined/status/1901611196719190525","255409050",
"1901610939428077969","Mon Mar 17 12:25:52 +0000 2025","0","Indihome sama telkomsel di daerah saya kok gangguan ya? Dari jam 15 sore tadi kenapa ini? @Telkomsel @IndiHome @TelkomJabar","1901610939428077969","","","in","","0","4","0","https://x.com/undefined/status/1901610939428077969","604398009",
"1901607126088462619","Mon Mar 17 12:10:43 +0000 2025","0","ganti wipi bec indihome ya?","1901607126088462619","","","in","","0","1","0","https://x.com/undefined/status/1901607126088462619","1096666814585565184",
"1901606808407437621","Mon Mar 17 12:09:27 +0000 2025","0","INDIHOME GANGGUAN KAHHHHHH JIRRR","1901606808407437621","","","in","","0","1","0","https://x.com/undefined/status/1901606808407437621","1456396749765971968",
"1901603333326114936","Mon Mar 17 12:08:53 +0000 2025","0","@jdimanusia @IndiHome Kalo ada kendala bisa konfirmasi nomor internet sama atas nama pemilik ke DM biar dibantu lebih lanjut -Rai","1901606665319043568","","jdimanusia","in","","0","1","0","https://x.com/undefined/status/1901606665319043568","765035200896118789",
"1901603333326114936","Mon Mar 17 12:08:51 +0000 2025","0","@jdimanusia @IndiHome Hai Kak. Untuk ganti password WiFi IndiHome bisa coba secara mandiri melalui aplikasi MyTelkomsel pada menu pilih kelola jaringan ya. Nanti akan ada pilihan Ubah di informasi perangkatnya.","1901606654585590232","","jdimanusia","in","","0","0","0","https://x.com/undefined/status/1901606654585590232","765035200896118789",
"1901600573603934406","Mon Mar 17 12:07:39 +0000 2025","0","@Telkomsel Ayo pelanggan yang lain push ke media atas kesemena² PT Telkomsel melalui Indihome menaikkan tarif tanpa sepengetahuan pelanggan pelayanan malah Morat marit.bentuk penipuan PT Telkomsel kepada pelanggan.padahal sdh sy protes juga tetapi Telkomsel kayak taik https://t.co/hTJqtdDJaD","1901606352566558756","https://pbs.twimg.com/media/GmPc5l2aEAAC_4s.jpg","Telkomsel","in","","0","1","0","https://x.com/undefined/status/1901606352566558756","1293838412126892032",
"1901549306353721426","Mon Mar 17 12:06:54 +0000 2025","0","@IndiHome Hal serupa yg saya alami dimana pihak Indihome melalui Telkomsel menaikkan tarif semena² ayo pelanggan yang lain laporkan pihak Telkomsel yg menaikkan tarif tanpa persetujuan dari pelanggan/semena² https://t.co/MZ9dzma8rX","1901606164535951413","https://pbs.twimg.com/media/GmPcuoPaIAAwZGI.jpg","IndiHome","in","","0","2","0","https://x.com/undefined/status/1901606164535951413","1293838412126892032",
"1901586149493354676","Mon Mar 17 11:57:27 +0000 2025","0","@archisus kasih liat tagihan indihome lu koh","1901603786684330138","","archisus","in","","0","1","0","https://x.com/undefined/status/1901603786684330138","1075054156195512321",
"1901602383685161122","Mon Mar 17 11:51:52 +0000 2025","0","IndiHome klo ga lemot yaa lemot bgt. Gangguan lagi?","1901602383685161122","","","in","","0","2","0","https://x.com/undefined/status/1901602383685161122","77486335",
"1901602264051339382","Mon Mar 17 11:51:24 +0000 2025","3"," IndiHome Paket Phoenix (Tari Ubur Ubur) by FdL_fk is on #SoundCloud https://t.co/RF8MskKZCk","1901602264051339382","","","in","","1","0","1","https://x.com/undefined/status/1901602264051339382","767632664903884800",
"1901600781327008221","Mon Mar 17 11:47:55 +0000 2025","0","@2025kyu @IndiHome @Telkomsel @2025kyu Maaf banget ya Kak Donz internetannya keganggu. Mohon ditunggu balesan selanjutnya di DM ya Kak -Micha","1901601388892938262","","gongsiba","in","","0","0","0","https://x.com/undefined/status/1901601388892938262","765035200896118789",
"1900049355454767243","Mon Mar 17 11:43:24 +0000 2025","0","@IniMinNeo Indihome emang mantep banget ","1901600251334828232","","IniMinNeo","in","","0","1","0","https://x.com/undefined/status/1901600251334828232","1817230740024889344",
"1901167547967566068","Mon Mar 17 11:42:58 +0000 2025","0","@KentLavis @DivHumas_Polri kab bekasi ya? hahaha ga bakal maju mau di bangun harus ada jatah mereka indihome aja ga bisa masuk mau dibikin internet kenceng malah dipalakin ga ngotak akhirnya ga jadi. dimonopoli sama provider abal2 yg bisa ngasih mrk setoran. warga mau ga mau pake prov lemot tp mahal","1901600140030599368","","KentLavis","in","","0","0","0","https://x.com/undefined/status/1901600140030599368","121656198",
"1901598600054108511","Mon Mar 17 11:36:50 +0000 2025","0","Indihome gangguan ya?","1901598600054108511","","","in","","0","8","0","https://x.com/undefined/status/1901598600054108511","1849029101434408960",
"1901531495308959973","Mon Mar 17 11:35:44 +0000 2025","0","@BijiPlankton_ @IndiHome @BijiPlankton_ Baik Kak Kiki. Kalo masih berkendala temen Rai di DM pasti akan bantu penanganan lebih lanjut. Ditunggu kembali balasan DM nya ya -Rai","1901598320390513056","","BijiPlankton_","in","","0","0","0","https://x.com/undefined/status/1901598320390513056","765035200896118789",
"1901587183657697759","Mon Mar 17 11:30:07 +0000 2025","0","@voqcab @voqcab Maafin ya Kak Sabreen. Mengenai kendala jaringan IndiHome gak stabil coba infoin dulu yuk ke DM nomor IndiHome sama atas nama biar dibantu cek serta privasi data tetap terjaga. Makasih :) -Zyad","1901596910080889230","","voqcab","in","","0","1","0","https://x.com/undefined/status/1901596910080889230","765035200896118789",
"1901531495308959973","Mon Mar 17 11:27:15 +0000 2025","0","@IndiHomeCare @IndiHome Cek dm masih tetep indikator los menyala","1901596188438036962","","IndiHomeCare","in","","0","2","0","https://x.com/undefined/status/1901596188438036962","251084903",
"1901588903167144058","Mon Mar 17 11:14:39 +0000 2025","0","@nanayorapyu Lu Indihome ya","1901593016428855774","","nanayorapyu","in","","0","1","0","https://x.com/undefined/status/1901593016428855774","1688511199686868992",
"1900136854416220345","Mon Mar 17 11:14:29 +0000 2025","0","@nayy_uy @TelkomIndonesia @IndiHome @MyTelkomselApp @diwahyu98 @dyahayuindrie @DwiyaniErna Halo Kak Nay terima kasih sudah berpartisipasi. Semoga beruntung ya Kak. -Grace","1901592972191268976","","nayy_uy","in","","0","0","0","https://x.com/undefined/status/1901592972191268976","1468840730038718467",
"1900136854416220345","Mon Mar 17 11:14:14 +0000 2025","1","@Rikwanwongkar @TelkomIndonesia @IndiHome @MyTelkomselApp @nelimeli01 @mochamm676 @MEfendi67659278 Halo Kak Rikwan terima kasih sudah berpartisipasi. Semoga beruntung ya Kak. -Grace","1901592910065176800","","Rikwanwongkar","in","","0","1","0","https://x.com/undefined/status/1901592910065176800","1468840730038718467",
"1901584376242077905","Mon Mar 17 11:10:29 +0000 2025","0","@bijinolan tinggal dm? hai saya dari indihome","1901591966573629674","","savehexs","in","","0","1","0","https://x.com/undefined/status/1901591966573629674","1849462154048724992",
"1901531495308959973","Mon Mar 17 11:09:52 +0000 2025","0","@BijiPlankton_ @IndiHome @BijiPlankton_ Frey cek DM dari Kak Kiki udah dibales hayuk dicek :) -Frey","1901591812273500267","","BijiPlankton_","in","","0","1","0","https://x.com/undefined/status/1901591812273500267","765035200896118789",
"1901524595259461759","Mon Mar 17 11:02:14 +0000 2025","0","@BijiPlankton_ @dumpshakii @IndiHome @BijiPlankton_ DM Kak Kiki udah dibantu percepatan ya mohon ditunggu Kak -Micha","1901589890397352136","","BijiPlankton_","in","","0","0","0","https://x.com/undefined/status/1901589890397352136","765035200896118789",
"1901483884979818914","Mon Mar 17 10:58:48 +0000 2025","0","@IndiHome Banyak loh itu pengaduan yg indikator LOS nyala-_-","1901589026726969750","","IndiHome","in","","0","2","0","https://x.com/undefined/status/1901589026726969750","251084903",
"1901524595259461759","Mon Mar 17 10:57:53 +0000 2025","0","@dumpshakii @IndiHomeCare @IndiHome Sudah bisa kah ka indihomenya?","1901588794534744503","","dumpshakii","in","","0","1","0","https://x.com/undefined/status/1901588794534744503","251084903",
"1901588777228996720","Mon Mar 17 10:57:48 +0000 2025","0","INDIHOME BODOH","1901588777228996720","","","in","","0","1","0","https://x.com/undefined/status/1901588777228996720","1676224355100139520",
"1901585836342182200","Mon Mar 17 10:55:42 +0000 2025","0","@eriahtaa @IndiHome Kak @eriahtaa Dm-nya akan segera dibalas ya. Mohon ditunggu -Dya","1901588248704770351","","eriahtaa","in","","0","0","0","https://x.com/undefined/status/1901588248704770351","765035200896118789",
"1901587183657697759","Mon Mar 17 10:51:29 +0000 2025","0","udah xl gajelas indihome juga","1901587183657697759","","","in","","0","4","0","https://x.com/undefined/status/1901587183657697759","1369864775488790531",
"1901531495308959973","Mon Mar 17 10:49:12 +0000 2025","0","@BijiPlankton_ @IndiHome @BijiPlankton_ Maaf ya Kak Kiki saat ini udah dibantu colek rekan Zyadnya di DM ditunggu balesan selanjutnya ya. Makasih :) -Zyad","1901586612708126801","","BijiPlankton_","in","","0","1","0","https://x.com/undefined/status/1901586612708126801","765035200896118789",
"1901582395859431718","Mon Mar 17 10:41:40 +0000 2025","0","@ip_normal konfirmasi nomor IndiHome sama atas nama melalui DM biar dibantu cek serta privasi data tetap terjaga. Terima kasih :) -Zyad (2/2)","1901584714055713244","","ip_normal","in","","0","2","0","https://x.com/undefined/status/1901584714055713244","765035200896118789",
"1901584441337909468","Mon Mar 17 10:40:35 +0000 2025","0","Ngga indihome ngga telkomsel sama sama burik jir jaringannya ","1901584441337909468","","","in","","0","2","0","https://x.com/undefined/status/1901584441337909468","1452309355",
"1901582394626633736","Mon Mar 17 10:38:45 +0000 2025","0","@vaniarmdhnty @vaniarmdhnty Yah kenapa nih mau berhenti Kak? Buat berhenti langganan Indihome bisa dibantu melalui GraPARI atau 188. Saat ini juga bisa kami bantu reservasi agar Kakak dihubungi 188 maksimal 1x24 jam. Kalo bersedia dibantu reservasi lanjut DM aja ya :) -Zidane","1901583982460129767","","vaniarmdhnty","in","","0","2","0","https://x.com/undefined/status/1901583982460129767","765035200896118789",
"1901531495308959973","Mon Mar 17 10:38:37 +0000 2025","0","@IndiHomeCare @IndiHome Ini dari pagi loh min indikator los nyala tolong lah indihome-_- @IndiHomeCare @IndiHome","1901583947798340054","","IndiHomeCare","in","","0","1","0","https://x.com/undefined/status/1901583947798340054","251084903",
"1901579983279231232","Mon Mar 17 10:22:52 +0000 2025","0","Sebelumnya gue nanya sama cs indihome surat kuasa nya gimana gak di bales. Yaudah gue bikin aja surat kuasa gitu. Pas kesana ternyata kakak gue harus ikutan juga... padahal di syarat nya jg gaada BINGUNG???? Terus pas ke grapari di blg nya bisa lewat 188 akhirnya gue -","1901579986055942439","","fl_eting","in","","0","1","0","https://x.com/undefined/status/1901579986055942439","1689561488716177408",
"1901579983279231232","Mon Mar 17 10:22:52 +0000 2025","0","Bingung sama pelayanan Indihome yang udah merger sama Telkomsel. Mau balik nama Indihome aja riweuh banget. Terus ga transparan juga harus bawa apa kaya gimana dan kemana. Selama nanya sama CS indihome cuma disuruh ke grapari aja. Gue bikin juga surat kuasa..","1901579983279231232","","","in","","0","3","0","https://x.com/undefined/status/1901579983279231232","1689561488716177408",
"1901531495308959973","Mon Mar 17 09:53:43 +0000 2025","0","@BijiPlankton_ @IndiHome @BijiPlankton_ Maaf banget buat keterlambatannya Kak Kiki Micha bantu percepatan DM Kakak. Mohon ditunggu -Micha","1901572647970078916","","BijiPlankton_","in","","0","1","0","https://x.com/undefined/status/1901572647970078916","765035200896118789",
"1901524595259461759","Mon Mar 17 09:47:37 +0000 2025","0","@insol2783 @dumpshakii @IndiHome @insol2783 Ok Kak Lin. Ditunggu respon selanjutnya di DM yaa. -Caris","1901571114096378171","","insol2783","in","","0","0","0","https://x.com/undefined/status/1901571114096378171","765035200896118789",
"1901531495308959973","Mon Mar 17 09:45:56 +0000 2025","0","@IndiHomeCare @IndiHome Ditanggapinya kapan yah min?","1901570691230527625","","IndiHomeCare","in","","0","1","0","https://x.com/undefined/status/1901570691230527625","251084903",
"1901524595259461759","Mon Mar 17 09:43:46 +0000 2025","0","@IndiHomeCare @dumpshakii @IndiHome Sudah di DM","1901570145392427326","","IndiHomeCare","in","","0","1","0","https://x.com/undefined/status/1901570145392427326","825159133498257409",
"1901568884920226183","Mon Mar 17 09:40:53 +0000 2025","0","@adg_t_p @adg_t_p Kenapa nih Kak Antri kok mau berhenti langganan? :( Prosesnya bisa dibantu via GraPARI atau Call Center di 188. Kalo berkenan dibantu reservasi melalui Call Center di 188 kirim nomor IndiHome nomor HP nomor HP alternatif dan kondisi perangkat ke DM. -Frey","1901569418507038829","","adg_t_p","in","","0","2","0","https://x.com/undefined/status/1901569418507038829","765035200896118789",
"1901524595259461759","Mon Mar 17 09:38:01 +0000 2025","0","@insol2783 @dumpshakii @IndiHome Kak @insol2783 maaf ya berkendala juga jaringannya. Yuk infoin nomor IndiHome dan atas nama ke DM biar di bantu cek lebih lanjut. -Caris","1901568696654680214","","insol2783","in","","0","1","0","https://x.com/undefined/status/1901568696654680214","765035200896118789",
"1901568623933796765","Mon Mar 17 09:37:44 +0000 2025","0","Indihome lemot bgt baru tgl 17 ampun dh","1901568623933796765","","","in","","0","1","0","https://x.com/undefined/status/1901568623933796765","1413091434748473352",
"1901542593605046679","Mon Mar 17 09:35:42 +0000 2025","0","@mommyunooo @letter_frmU @IndiHome @mommyunooo LOS juga Kak Chuloooo? Mohon maaf pastikan kabel Patch cord udah terpasang dengan benar. Kalau masih sama yuk infokan nomor IndiHome dan atas nama ke DM biar dibantu lebih lanjut :) -Zidane","1901568114795655472","","mommyunooo","in","","0","0","0","https://x.com/undefined/status/1901568114795655472","765035200896118789",
"1901531495308959973","Mon Mar 17 09:35:36 +0000 2025","0","@mommyunooo @BijiPlankton_ @IndiHome Duh maaf yaa kalau Kak @mommyunooo berkendala juga jaringannya. Caris bantu pengecekan lebih lanjut. Yuk infokan nomor IndiHome dan atas nama ke DM biar datanya aman. -Caris","1901568087796969630","","mommyunooo","in","","0","0","0","https://x.com/undefined/status/1901568087796969630","765035200896118789",
"1901549014312747092","Mon Mar 17 09:35:24 +0000 2025","0","@insol2783 @pengerlsseoni @insol2783 Maaf ya Kak. Mengenai kendala jaringannya boleh DM nomor Telkomsel dan IndiHome yg digunakan atas nama tanggal dan waktu kejadian lokasi detail (kelurahan kecamatan kota ) serta nomor Telkomsel lain yang berkendala sama ya. Makasih -Emmy","1901568038023098852","","insol2783","in","","0","0","0","https://x.com/undefined/status/1901568038023098852","255409050",
"1901549306353721426","Mon Mar 17 09:34:27 +0000 2025","0","@rakawjya @rakawjya Kalau masih sama yuk Kak Raka infokan nomor IndiHome dan atas nama ke DM biar dibantu lebih lanjut :) -Zidane","1901567799132299773","","rakawjya","in","","0","1","0","https://x.com/undefined/status/1901567799132299773","765035200896118789",
"1901242716014670092","Mon Mar 17 09:33:15 +0000 2025","0","@IndiHomeCare Halo admin saya juga mengalami kenaikan tagihan indihome ya biasanya 352rb sekarang menjadi 418rb sudah dilaporkan juga tapi tidak ada respon yang jelas ","1901567497062744501","","IndiHomeCare","in","","0","1","0","https://x.com/undefined/status/1901567497062744501","197326852",
"1901524595259461759","Mon Mar 17 09:31:10 +0000 2025","0","@dumpshakii @IndiHomeCare @IndiHome Sama di daerah saya juga sering malah","1901566973454262763","","dumpshakii","in","","0","1","0","https://x.com/undefined/status/1901566973454262763","825159133498257409",
"1901542593605046679","Mon Mar 17 09:31:03 +0000 2025","1","@letter_frmU @IndiHome @IndiHomeCare sama kakk","1901566942072512544","","letter_frmU","et","","0","1","0","https://x.com/undefined/status/1901566942072512544","1187166966412300289",
"1901531495308959973","Mon Mar 17 09:30:40 +0000 2025","0","@BijiPlankton_ @IndiHomeCare @IndiHome sama aku jugaa","1901566845892874685","","BijiPlankton_","in","","0","1","0","https://x.com/undefined/status/1901566845892874685","1187166966412300289",
"1901549014312747092","Mon Mar 17 09:28:42 +0000 2025","0","@pengerlsseoni @Telkomsel Sama di daerah saya juga Telkomsel dan Indihome gangguan","1901566353896542715","","pengerlsseoni","in","","0","1","0","https://x.com/undefined/status/1901566353896542715","825159133498257409",
"1901524595259461759","Mon Mar 17 09:22:25 +0000 2025","0","@IndiHomeCare @IndiHome tolong yaa min segera bayar nya mahal masa harus gangguan terus","1901564772900131046","","IndiHomeCare","in","","0","3","0","https://x.com/undefined/status/1901564772900131046","1146069609323253761",
"1901549306353721426","Mon Mar 17 09:22:11 +0000 2025","0","@IndiHome halo min ini sudah dari jam 12 siang seperti ini saya jadi gabisa kerja ini gimana https://t.co/Dk2H5DND9s","1901564712917291293","https://pbs.twimg.com/media/GmO3BX3bsAAe7Q0.jpg","IndiHome","in","","0","1","0","https://x.com/undefined/status/1901564712917291293","704814757",
"1901556310765937042","Mon Mar 17 09:12:23 +0000 2025","407","@hrdbacot Kenapa harus tentara yang double job? Kenapa bukan petani nelayan dokter guru pedagang cilok HRD juru parkir ilmuwan teknisi indihome atlet senam indah suster pelatih tinju bartender desainer supir hacker wartawan penulis pro player soundman marbot dll?","1901562246536569125","","hrdbacot","in","","0","2","14","https://x.com/undefined/status/1901562246536569125","2754115052",
"1901524595259461759","Mon Mar 17 08:59:49 +0000 2025","0","@dumpshakii @IndiHome Duh maaf dibikin nunggu ya Kak @dumpshakii. DM-nya akan segera dibalas yaw. -Caris","1901559084215881852","","dumpshakii","in","","0","1","0","https://x.com/undefined/status/1901559084215881852","765035200896118789",
"1901524595259461759","Mon Mar 17 08:50:04 +0000 2025","0","@IndiHomeCare @IndiHome segera min daritadi udah nunggu","1901556630858440980","","IndiHomeCare","in","","0","1","0","https://x.com/undefined/status/1901556630858440980","1146069609323253761",
"1901524595259461759","Mon Mar 17 08:49:00 +0000 2025","0","@dumpshakii @IndiHome @dumpshakii Mohon ditunggu ya Kak. Sabil bantu percepatan semoga membantu :)-Sabil","1901556363500945559","","dumpshakii","in","","0","1","0","https://x.com/undefined/status/1901556363500945559","765035200896118789",
"1901555928547123580","Mon Mar 17 08:47:17 +0000 2025","0","info dong wifi yang bagus selain indihome ada ngga?","1901555928547123580","","","in","","0","3","0","https://x.com/undefined/status/1901555928547123580","1454718143268458496",
"1901555721679901123","Mon Mar 17 08:46:27 +0000 2025","0","mau streamingan jadi susah soalnya pake indihome ","1901555721679901123","","","in","","0","1","0","https://x.com/undefined/status/1901555721679901123","131510928",
"1901549710596591902","Mon Mar 17 08:46:08 +0000 2025","0","@IniMinNeo 1. KLEPON 2. KOLAK 3. LEMPER 4. ES CENDOL 5. BINGKA #GiveawayIndiHomeBorneo #IndiHomeBorneo Ikutan yuk' Sobat IndiHome! @Anisa__Nisha012 @lisilism @ameliayuniii Sukses selalu @IniMinNeo Semoga beruntung","1901555642269069696","","IniMinNeo","in","","0","0","0","https://x.com/undefined/status/1901555642269069696","1815806287680331776",
"1901524595259461759","Mon Mar 17 08:45:21 +0000 2025","0","@IndiHomeCare @IndiHome katanya mau ada teknisi datang tapi sampai sekarang belum ada kelanjutannya tolong dong indihome internetnya masih belum bisa @IndiHomeCare","1901555441118982605","","IndiHomeCare","in","","0","1","0","https://x.com/undefined/status/1901555441118982605","1146069609323253761",
"1901552730604507480","Mon Mar 17 08:40:34 +0000 2025","0","@AbuMarzuqi @AbuMarzuqi Kak Marzuqi maafin jadi keganggu koneksinya. Boleh infoin nomor indihome dan atas nama ke DM agar dicek yaa Kakak bisa hapus postingan tsb agar privasi terjaga makasih :)-Sabil","1901554240256200836","","AbuMarzuqi","in","","0","2","0","https://x.com/undefined/status/1901554240256200836","765035200896118789",
"1901552730604507480","Mon Mar 17 08:34:34 +0000 2025","0","@IndiHomeCare Bapak Ibu indihome kami sesuai dibawah iini ada masalah atau mati mohon dapat segera diperbaiki https://t.co/8N96Z0p2AR","1901552730604507480","https://pbs.twimg.com/media/GmOsIVFasAAvrtV.jpg","IndiHomeCare","in","","0","1","0","https://x.com/undefined/status/1901552730604507480","3074663358",
"1901542593605046679","Mon Mar 17 08:29:21 +0000 2025","0","@letter_frmU @IndiHome Kak @letter_frmU Dm-nya akan segera dibalas ya. Mohon ditunggu -Dya","1901551417523118325","","letter_frmU","in","","0","0","0","https://x.com/undefined/status/1901551417523118325","765035200896118789",
"1901549306353721426","Mon Mar 17 08:20:58 +0000 2025","2","Buru-buru pulang pas selesai tarawih eh baru sadar TTD ustad kelewat! #IndiHomebyTelkomsel #DariRumahTanpaBatas https://t.co/pST0x4UL9u","1901549306353721426","https://pbs.twimg.com/tweet_video_thumb/GmOpAxVbUAA-4wQ.jpg","","in","","0","3","0","https://x.com/undefined/status/1901549306353721426","1075673058931806208",
"1901542593605046679","Mon Mar 17 08:19:28 +0000 2025","0","@IndiHomeCare @IndiHome Udah kak","1901548929180709151","","IndiHomeCare","in","","0","1","0","https://x.com/undefined/status/1901548929180709151","1601180413946646530",
"1901547294199329087","Mon Mar 17 08:12:58 +0000 2025","0","Mulai nih indihome ","1901547294199329087","","","in","","0","1","0","https://x.com/undefined/status/1901547294199329087","237167106",
"1901545997072740480","Mon Mar 17 08:07:49 +0000 2025","0","Telkomsel sama indihome ada gila gila ini sinyal hilang semua","1901545997072740480","","","in","","0","2","0","https://x.com/undefined/status/1901545997072740480","1551812960476995584",
"1901542593605046679","Mon Mar 17 08:07:01 +0000 2025","0","@letter_frmU @IndiHome @letter_frmU Baik Kak. Jika masih berkendala. Infoin atas nama dan nomor layanan ke Dm. Makasih. -Dya","1901545797529059714","","letter_frmU","in","","0","1","0","https://x.com/undefined/status/1901545797529059714","765035200896118789",
"1901542593605046679","Mon Mar 17 08:01:37 +0000 2025","0","@IndiHomeCare @IndiHome Udah di cek kak tapi tetep ga bisa indikator los nya tetep merah","1901544436150267994","","IndiHomeCare","in","","0","1","0","https://x.com/undefined/status/1901544436150267994","1601180413946646530",
"1901495014561120455","Mon Mar 17 08:01:25 +0000 2025","0","@danmataharikoe Happy deh Kakak berlangganan IndiHome hihihi Btw Kakak udah setia dari kapan nih? -Tammy","1901544388834340938","","danmataharikoe","in","","0","0","0","https://x.com/undefined/status/1901544388834340938","765035200896118789",
"1901542593605046679","Mon Mar 17 07:56:46 +0000 2025","0","@letter_frmU @IndiHome @letter_frmU Maafin Kak Kia. Pastikan kabel tidak kendur/terputus yuk pastikan kabel Patch cord sdh terpasang/tertancap dgn kencang/benar tunggu lampu modem menyala &amp; coba koneksikan. Yuk info no internet nama via DM. -Chika","1901543218044649737","","letter_frmU","in","","0","1","0","https://x.com/undefined/status/1901543218044649737","765035200896118789",
"1901542593605046679","Mon Mar 17 07:54:17 +0000 2025","6","Ini kenapa gini terus yah? Udah coba di refresh tapi tetep merah gini @IndiHome @IndiHomeCare https://t.co/4KZYSWHFzV","1901542593605046679","https://pbs.twimg.com/media/GmOiwTnbMAAadhs.jpg","","in","","0","3","0","https://x.com/undefined/status/1901542593605046679","1601180413946646530",
"1901541873845674341","Mon Mar 17 07:53:54 +0000 2025","0","@2025kyu @2025kyu Kak Donz maaf atas koneksinya. Kalo LOS pastikan dulu kabel patch cord terpasang dgn benar ya. Bila belum bisa yuk infoin no IndiHome dan atas nama ke DM biar dibantu cek ya. -Caris","1901542497152905281","","gongsiba","in","","0","1","0","https://x.com/undefined/status/1901542497152905281","765035200896118789",
"1901536853913727470","Mon Mar 17 07:53:09 +0000 2025","1","@adyabi @IndiHome @adyabi Boleeh Kak Suryadi. Tunggu balasan temen Sabil yaaa :)-Sabil","1901542307654156506","","adyabi","in","","0","0","0","https://x.com/undefined/status/1901542307654156506","765035200896118789",
"1901524595259461759","Mon Mar 17 07:52:35 +0000 2025","0","@dumpshakii @IndiHomeCare @IndiHome Hai Kak kami dari Pusat Monitoring Telekomunikasi (PMT) Kementerian Komunikasi dan Digital RI (Kementerian Komdigi). Terkait dengan kendala internet yang kakak alami kami akan coba teruskan kendala tersebut ke penyelenggara telekomunikasi. Mohon bantuannya untuk dapat","1901542163718222059","","dumpshakii","in","","0","0","0","https://x.com/undefined/status/1901542163718222059","1877623779406598144",
"1901495014561120455","Mon Mar 17 07:51:52 +0000 2025","0","@kangkebab10 Yeay! Makasih udah berlangganan IndiHome Kak Mau kami bantu cek kecepatan aktifnya? :) -Tammy","1901541985166496190","","kangkebab10","in","","0","0","0","https://x.com/undefined/status/1901541985166496190","765035200896118789",
"1901536853913727470","Mon Mar 17 07:51:38 +0000 2025","0","@IndiHomeCare @IndiHome Cek DM","1901541923174949319","","IndiHomeCare","tr","","0","1","0","https://x.com/undefined/status/1901541923174949319","238751626",
"1901495014561120455","Mon Mar 17 07:50:32 +0000 2025","0","@hzrddddddd Wah makasih ya udah setia sama IndiHome ya Jaringannya aman Kak? -Tammy","1901541647617593619","","hzrddddddd","in","","0","0","0","https://x.com/undefined/status/1901541647617593619","765035200896118789",
"1901495014561120455","Mon Mar 17 07:48:27 +0000 2025","0","@donttalkkk Terima kasih sudah menggunakan IndiHome Kak Sudah berlangganan dari kapan nih? -Tammy","1901541125888086389","","donttalkkk","in","","0","1","0","https://x.com/undefined/status/1901541125888086389","765035200896118789",
"1901537739386028495","Mon Mar 17 07:35:00 +0000 2025","0","@IndiHomeCare ini jaringan wifi indihome knp ya ? Gak ada jaringannya","1901537739386028495","","IndiHomeCare","in","","0","1","0","https://x.com/undefined/status/1901537739386028495","1732531322437226496",
"1901536853913727470","Mon Mar 17 07:34:44 +0000 2025","0","@adyabi @IndiHome Kak @adyabi Dya infoin untuk pelaporan kendala bisa dibantu melalui kami ya. Yuk infoin atas nama nomor layanan dan detail keluhan ke Dm. Makasih. -Dya","1901537669827715489","","adyabi","in","","0","1","0","https://x.com/undefined/status/1901537669827715489","765035200896118789",
"1901527733848752503","Mon Mar 17 07:31:49 +0000 2025","0","@tapitaksempurna Kenapa Kak? IndiHome punya Kakak lagi engga stabil kah? -Tammy","1901536937078587668","","duhbisaaja","in","","0","0","0","https://x.com/undefined/status/1901536937078587668","765035200896118789",
"1901536853913727470","Mon Mar 17 07:31:29 +0000 2025","0","@IndiHomeCare @IndiHome Layanan pelanggan by MyTelkomsel kenapa lelet kali sih? Mau ngadu kendala pun susah","1901536853913727470","","IndiHomeCare","in","","0","1","0","https://x.com/undefined/status/1901536853913727470","238751626",
"1901531495308959973","Mon Mar 17 07:25:14 +0000 2025","0","@BijiPlankton_ @IndiHome @BijiPlankton_ Dm Kak Kiki udah masuk antrian ya mohon ditunggu -Micha","1901535283029712979","","BijiPlankton_","in","","0","1","0","https://x.com/undefined/status/1901535283029712979","765035200896118789",
"1901531495308959973","Mon Mar 17 07:23:16 +0000 2025","0","@IndiHomeCare @IndiHome Sudah didm min","1901534786407268431","","IndiHomeCare","in","","0","1","0","https://x.com/undefined/status/1901534786407268431","251084903",
"1901533869935116794","Mon Mar 17 07:19:38 +0000 2025","0","@IndiHomeCare INDIHOME SUDAH LOS LEBIH DARI 24 JAM MASIH BLM ADA TEKNISI DATANG??","1901533869935116794","","IndiHomeCare","in","","0","0","0","https://x.com/undefined/status/1901533869935116794","1720007341796638720",
"1901512099748282770","Mon Mar 17 07:19:22 +0000 2025","0","@luize_patrick IndiHome punya Kakak lagi kendala juga kah? -Tammy","1901533806265585671","","luize_patrick","in","","0","0","0","https://x.com/undefined/status/1901533806265585671","765035200896118789",
"1901531495308959973","Mon Mar 17 07:12:24 +0000 2025","0","@BijiPlankton_ @IndiHome @BijiPlankton_ Maaf Kak Kiki jadi belum bisa internet :( Joan saranin pastikan kabel Patch Cord terpasang dengan kencang dan share nomor internet serta atas nama ke DM yuk. -Joan","1901532051054186598","","BijiPlankton_","in","","0","1","0","https://x.com/undefined/status/1901532051054186598","765035200896118789",
"1901531495308959973","Mon Mar 17 07:10:11 +0000 2025","0","Padahal semua kabel sudah terpasang dengan baik tapi indikator LOS tetep nyala @IndiHomeCare @IndiHome https://t.co/iyNPuM2Tvh","1901531495308959973","https://pbs.twimg.com/amplify_video_thumb/1901531436819312640/img/uzruSJbDmz5Y4ZoD.jpg","","in","","0","2","0","https://x.com/undefined/status/1901531495308959973","251084903",
"1901525414733910420","Mon Mar 17 06:54:28 +0000 2025","0","@memetatmaja Maaf Kak @memetatmaja. Pastikan adaptor modem terpasang dengan benar dan mendapat catuan listrik dengan baik ya. Kalo udah namun masih kendala infoin no IndiHome dan atas nama ke DM buat pengecekan ya. -Caris","1901527537542639640","","memetatmaja","in","","0","0","0","https://x.com/undefined/status/1901527537542639640","765035200896118789",
"1901524595259461759","Mon Mar 17 06:52:27 +0000 2025","0","@dumpshakii @IndiHome @dumpshakii Mohon menunggu balesan selanjutnya di Dm ya Kak -Micha","1901527028924588213","","dumpshakii","in","","0","1","0","https://x.com/undefined/status/1901527028924588213","765035200896118789",
"1901524595259461759","Mon Mar 17 06:49:23 +0000 2025","0","@dumpshakii @IndiHome @dumpshakii Ditunggu ya Kak. DM-nya dibalas sesuai dengan antrean. -Dhet","1901526260989497618","","dumpshakii","in","","0","0","0","https://x.com/undefined/status/1901526260989497618","765035200896118789",
"1901502425389031704","Mon Mar 17 06:49:00 +0000 2025","0","@_IamNothing00 Hai Kak. Untuk pemenang Undi-Undi Hepi pemenang akan dihubungi oleh Telkomsel ya Kak. Boleh DM nomor IndiHome dan nama lengkap agar dibantu pengecekan lebih lanjut. Kakak bisa juga cek pemenang Undi-Undi Hepi di https://t.co/tWGJhQPb7S . Makasih -Emmy","1901526164176515510","","_IamNothing00","in","","0","0","0","https://x.com/undefined/status/1901526164176515510","255409050",
"1901524595259461759","Mon Mar 17 06:47:29 +0000 2025","0","@IndiHomeCare @IndiHome sudah lapor via dm belum di tanggapi","1901525779491823726","","IndiHomeCare","in","","0","1","0","https://x.com/undefined/status/1901525779491823726","1146069609323253761",
"1901524595259461759","Mon Mar 17 06:46:46 +0000 2025","0","@IndiHomeCare @IndiHome sudah terpasang dengan baik min internetnya masih belum bisa","1901525600638214411","","IndiHomeCare","in","","0","2","0","https://x.com/undefined/status/1901525600638214411","1146069609323253761",
"1901525257896481179","Mon Mar 17 06:45:24 +0000 2025","0","Serius nanya ini indihome emg lola bgt kalo untuk uploading ya?","1901525257896481179","","","in","","0","1","0","https://x.com/undefined/status/1901525257896481179","461968928",
"1901524595259461759","Mon Mar 17 06:44:59 +0000 2025","0","@dumpshakii @IndiHome @dumpshakii Joan minta maaf kalo lampunya LOS. Pastiin kabel patch cord (kabel warna hitam atau kuning dengan ujung warna biru) terpasang kencang. Kalo masih belum bisa internet tunggu pengecekan di DM :) -Joan","1901525152799899689","","dumpshakii","in","","0","2","0","https://x.com/undefined/status/1901525152799899689","765035200896118789",
"1901524595259461759","Mon Mar 17 06:42:46 +0000 2025","0","indihome puasa puasa gini ada aja gangguannya tolong dong min @IndiHomeCare @IndiHome https://t.co/J8B3ro3B0r","1901524595259461759","https://pbs.twimg.com/media/GmOSiENa0AA-87v.jpg","","in","","0","2","0","https://x.com/undefined/status/1901524595259461759","1146069609323253761",
"1901521497379799163","Mon Mar 17 06:42:19 +0000 2025","0","@gaialeanora Kak @gaialeanora Dya infoin IndiHome dan EZnet tidak ada perbedaannya. Namun untuk EZnet yaitu salah satu produk Telkomsel ya. Makasih. -Dya","1901524480855597094","","gaialeanora","in","","0","1","0","https://x.com/undefined/status/1901524480855597094","765035200896118789",
"1901464427427500174","Mon Mar 17 06:18:13 +0000 2025","0","@Afdalen2 @IndiHome Kak Afdalen maaf yaa. Terkait laporannya yuk infokan no internet dan atas nama ke DM biar dibantu cek lebih lanjut ya Kak. Makasih -Caris","1901518414398751027","","Afdalen2","in","","0","0","0","https://x.com/undefined/status/1901518414398751027","765035200896118789",
"1901516480484941976","Mon Mar 17 06:15:38 +0000 2025","0","@noya_nayo @IndiHome Kak @noya_nayo Dya infoin untuk permintaan migrasi bisa dibantu melalui kami ya. Infoin atas nama dan nomor layanan ke Dm. Makasih. -Dya","1901517767062516128","","noya_nayo","in","","0","0","0","https://x.com/undefined/status/1901517767062516128","765035200896118789",
"1900509715601465655","Mon Mar 17 06:11:58 +0000 2025","0","@Afan04995023145 @IndiHome Kak Saipullah di cek DM-nya udah di balas. Yuk di cek lagi ya. -Caris","1901516841228419488","","Afan04995023145","in","","0","2","0","https://x.com/undefined/status/1901516841228419488","765035200896118789",
"1901516480484941976","Mon Mar 17 06:10:32 +0000 2025","0","Min kalo mau ubah paketan wifi indihome gimana @IndiHomeCare @IndiHome","1901516480484941976","","","in","","0","1","0","https://x.com/undefined/status/1901516480484941976","1777923478001475584",
"1901510174558265436","Mon Mar 17 06:06:30 +0000 2025","0","@strawbeina kebiasaan indihome mah disini juga","1901515466746560691","","enyalinnn","in","","0","2","0","https://x.com/undefined/status/1901515466746560691","1540257909396779012",
"1901495014561120455","Mon Mar 17 06:01:24 +0000 2025","1","@nenoonel @tanyarlfes aku pke eznet dri indihome sbulan nya 171+ udh termasuk ppn yg 10mbps tp","1901514184766140479","","nenoonel","in","","0","1","0","https://x.com/undefined/status/1901514184766140479","772027716551925760",
"1901380234026610840","Mon Mar 17 05:46:25 +0000 2025","0","@telepon Kakak punya IndiHome dan saat ini sedang putus nyambung kah? -Tammy","1901510414288015599","","telepon","in","","0","1","0","https://x.com/undefined/status/1901510414288015599","765035200896118789",
"1901508326409818114","Mon Mar 17 05:40:05 +0000 2025","1","@beruangtypo @beruangtypo Hai Kak. Boleh ceritain detainya sambil konfirmasi ke DM nomor IndiHome dan nama lengkap agar dibantu pengecekan lebih lanjut. Makasih -Emmy","1901508821031571896","","beruangtypo","in","","0","1","0","https://x.com/undefined/status/1901508821031571896","765035200896118789",
"1901507648404746449","Mon Mar 17 05:37:47 +0000 2025","0","@resdianacm @resdianacm Hai Kak Reshi. Mengenai notifikasi pergantian STB boleh konfirmasi ke DM nomor IndiHome dan nama lengkap agar dibantu pengecekan lebih lanjut. Makasih -Emmy","1901508241705841001","","resdianacm","in","","0","1","0","https://x.com/undefined/status/1901508241705841001","765035200896118789",
"1901507646009782390","Mon Mar 17 05:35:25 +0000 2025","0","@IndiHome internetnya ga bisaaa LOS nya merah","1901507646009782390","","IndiHome","in","","1","1","0","https://x.com/undefined/status/1901507646009782390","1031739617597214721",
"1901506404361601177","Mon Mar 17 05:30:29 +0000 2025","0","Tiba tiba mati terus indihome :(","1901506404361601177","","","in","","0","1","0","https://x.com/undefined/status/1901506404361601177","1665397354193879040",
"1895310414973673568","Mon Mar 17 05:19:53 +0000 2025","0","@mvwnlight @yakultforlife @FullZer0 @smutdz @IndiHomeCare Edaann kirain aku sendiri yg ngalamin ternyata ada yg lebih lama nunggunya.. Ngeliat pola Indihome selama ini bau2nya bakal dibiarin gini sih sampe promo berlalu. Kalo dipikir jg misal banyak bgt yg migrasi ke paket promo Indihome rudi gong wkwk","1901503737010573419","","mvwnlight","in","","0","1","0","https://x.com/undefined/status/1901503737010573419","1451263220224692226",
"1901503572358951415","Mon Mar 17 05:19:14 +0000 2025","0","Ealah.. Indihome sekarang sering banget internet mati tbtb‍","1901503572358951415","","","in","","0","1","0","https://x.com/undefined/status/1901503572358951415","1951411934",
"1901482639179304981","Mon Mar 17 03:56:03 +0000 2025","0","Indihome habis dibayar tetep kek tai","1901482639179304981","","","in","","0","1","0","https://x.com/undefined/status/1901482639179304981","1060007899202613248",
"1901237054052405423","Mon Mar 17 03:23:14 +0000 2025","1","@tanyarlfes Lah saya Pas jadi petugas Indihome aja ttp puasa Kemarin juga sebagai petugas tower yg hampir 6 jam diteriknya panas ttp puasa walau mata udh berkunang2 Syukurnya skrg cman jdi desain percetakan walau ga ber ac kipas doang tpi ya ga kepanasan lgi","1901474380036895182","","tanyarlfes","in","","0","3","0","https://x.com/undefined/status/1901474380036895182","1185224127105228801",
"1901473895766798366","Mon Mar 17 03:21:19 +0000 2025","0","Area tegal kota kl mau ngaduin wifi indihome nya kena samber petir kemanaaa sih. Udh di hubungin ke nomer yg di gmaps gak direwes","1901473895766798366","","","in","","1","2","0","https://x.com/undefined/status/1901473895766798366","576632453",
"1901470844020576320","Mon Mar 17 03:09:11 +0000 2025","0","indihome error yahh","1901470844020576320","","","in","","0","2","0","https://x.com/undefined/status/1901470844020576320","1447058787794186241",
"1901469968350556273","Mon Mar 17 03:05:42 +0000 2025","0","@indibizcare saya ingin berhenti berlangganan Indihome TV. Gimana cara nya min? Saya sudah hubungi @IndiHomeCare tapi di rujuk ke Mimin @indibizcare . Sudah saya DM dari semalam tidak ada yang respon. ","1901469968350556273","","indibizcare","in","","0","2","0","https://x.com/undefined/status/1901469968350556273","285579732",
"1901464859189117237","Mon Mar 17 02:58:47 +0000 2025","0","@tmartcell @tmartcell Maafin ya Kak kalo berkendala panggilan nya boleh infoin nomor indihome dan atas nama pemilik ke DM biar Dita bantu cek. Makasih :) -Dita","1901468228565807246","","tmartcell","in","","0","0","0","https://x.com/undefined/status/1901468228565807246","765035200896118789",
"1901464427427500174","Mon Mar 17 02:43:41 +0000 2025","0","@IndiHomeCare tiap minggu ada telp ngakunya dr indihome soal tunggakan pdhal sudah bayar apakah ada kesalahan? Atau modus? @IndiHome","1901464427427500174","","IndiHomeCare","in","","0","1","0","https://x.com/undefined/status/1901464427427500174","1486030435373449216",
"1901459365254877677","Mon Mar 17 02:27:46 +0000 2025","0","@IndiHomeCare @IndiHome Cek dm kak","1901460419409297834","","IndiHomeCare","in","","0","0","0","https://x.com/undefined/status/1901460419409297834","1371782586",
"1901459365254877677","Mon Mar 17 02:25:39 +0000 2025","0","@dunzkatsu @IndiHome Kak @dunzkatsu maafin buat kendalanya yuk konfirmasi ke DM kembali ya :) -Dita","1901459889752519062","","dunzkatsu","in","","0","1","0","https://x.com/undefined/status/1901459889752519062","765035200896118789",
"1901459365254877677","Mon Mar 17 02:23:34 +0000 2025","0","@IndiHome @IndiHomeCare kak tolong segera kirim teknisi nya ke rumah dong soalnya ini mungkin ada indikasi modem wifi saya yg rusak wifi masih belum bisa dari kemaren pagi dan indikator lampu (los internet lan1 lan2 lan3 lan4 phone1 phone2 wifi wps (nyala merah) usb nyala","1901459365254877677","","IndiHome","in","","0","1","0","https://x.com/undefined/status/1901459365254877677","1371782586",
"1901458385180229803","Mon Mar 17 02:21:30 +0000 2025","0","@BookeetaSemua @BookeetaSemua Maafin kalo indihome nya kendala ya boleh infoin ke DM nomor inet dan atas nama pemilik biar Dita bantu cek. Makasih :) -Dita","1901458846012539374","","BookeetaSemua","in","","0","1","0","https://x.com/undefined/status/1901458846012539374","765035200896118789",
"1901458385180229803","Mon Mar 17 02:19:41 +0000 2025","0","@IndiHomeCare SUDAH LAPOR GGN INDIHOME DARI KEMARIN SORE TAPI KENAPA BELUN ADA YG DATANG PERBAIKAN YAA???","1901458385180229803","","IndiHomeCare","in","","0","1","0","https://x.com/undefined/status/1901458385180229803","1720007341796638720",
"1901457989220925734","Mon Mar 17 02:18:06 +0000 2025","0","Mau Putus IndiHome Tidak Bisa karena Status Migrasi yang Tak Kunjung Selesai | CC @Telkomsel @IndiHomeCare https://t.co/YL3ZG7mHm0","1901457989220925734","","","in","","0","0","0","https://x.com/undefined/status/1901457989220925734","1117529034",
